codigo,contenido,titulo,fecha,url,input__fuente,input__scrape_mode,summarizer__resumen_global,summarizer__resumen_fragmentos,summarizer__error,metadata__tipo_discurso,metadata__tipo_discurso_justificacion,metadata__ciudad,metadata__provincia,metadata__pais,metadata__lugar_justificacion,metadata__error,enunciation__enunciador,enunciation__enunciador_justificacion,enunciation__enunciatarios,enunciation__auditorio,enunciation__colectivos_identificacion,enunciation__error,created_at,updated_at
casarosada_50299-palabras-del-presidente-de-la-nacion-javier-milei-en-el-54-reunion-anual-del-foro-economico-mundial-de-davos,"Palabras del Presidente de la Nación, Javier Milei, en la 54° Reunión Anual del Foro Económico Mundial, en Davos

Buenas tardes, muchas gracias: hoy estoy acá para decirles que Occidente está en peligro, está en peligro porque aquellos, que supuestamente deben defender los valores de Occidente, se encuentran cooptados por una visión del mundo que – inexorablemente – conduce al socialismo, en consecuencia a la pobreza.

Lamentablemente en las últimas décadas, motivados por algunos deseos bien pensantes de querer ayudar al prójimo y otros por el deseo de querer pertenecer a una casta privilegiada, los principales líderes del mundo occidental han abandonado el modelo de la libertad, por distintas versiones, de lo que llamamos colectivismo.

Nosotros estamos, acá, para decirles que los experimentos colectivistas nunca son la solución a los problemas, que aquejan a los ciudadanos del mundo, sino que – por el contrario – son su causa. Créanme, nadie mejor que nosotros los argentinos para dar testimonios de estas dos cuestiones.

Cuando adoptamos el modelo de la libertad – allá por el año 1860 – en 35 años nos convertimos en la primera potencia mundial, mientras que cuando abrazamos el colectivismo, a lo largo de los últimos 100 años, vimos como nuestros ciudadanos comenzaron a empobrecerse sistemáticamente, hasta caer en el puesto número 140 del mundo. Pero antes de poder dar esta discusión será importante, que – primero – viéramos los datos que sustentan por qué no sólo el capitalismo de libre empresa no sólo es un sistema posible para terminar con la pobreza, del mundo, sino que es el único sistema – moralmente deseable – para lograrlo.

Si consideramos la historia del progreso económico podemos ver cómo desde el año cero hasta el año 1800, aproximadamente, el PBI per cápita del mundo, prácticamente, se mantuvo constante durante todo el período de referencia. Si uno mira un gráfico de la evolución del crecimiento económico, a lo largo de la historia de la humanidad, uno estaría viendo un gráfico con la forma de un palo de hockey, una función exponencial, que se mantuvo constante, durante el 90 por ciento del tiempo, y se dispara exponencialmente a partir del siglo XIX. La única excepción a esta historia de estancamiento se dio a finales del siglo XV, con el descubrimiento de América. Pero salvando esta excepción, a lo largo de todo el período, entre el año cero y el año 1800, el PBI per cápita, a nivel global, se mantuvo estancado.

Ahora bien, no sólo que el capitalismo generó una explosión de riqueza, desde el momento que se adoptó como sistema económico, sino que si uno analiza los datos lo que se observa es que el crecimiento se viene acelerando, a lo largo de todo el período.

Durante todo el período – comprendido entre el año cero y el 1800 – la tasa de crecimiento del PBI per cápita se mantuvo estable en torno al 0,02 por ciento, anual. Es decir, prácticamente sin crecimiento; a partir del siglo XIX con la Revolución Industrial la tasa de crecimiento pasa al 0,66 por ciento. A ese ritmo para duplicar el PBI per cápita se necesitaría crecer, durante 107 años.

Ahora bien, si observamos el período entre 1900 y 1950, la tasa de crecimiento se acelera al 1,66 por ciento, anual. Ya no necesitamos 107 años para duplicar el PBI per cápita, sino 66. Y si tomamos el período – comprendido entre 1950 y el año 2000 – vemos que la tasa de crecimiento fue de 2,1 por ciento, anual, lo que derivaría en que sólo 33 años podríamos duplicar el PBI per cápita del mundo. Esta tendencia lejos de detenerse se mantiene viva, aún hoy. Si tomamos el período, entre el año 2000 y el 2023, la tasa de crecimiento volvió a acelerar el 3 por ciento, anual, lo que implica que podríamos duplicar nuestro PBI per cápita, en el mundo en tan sólo 23 años.

Ahora bien, cuando se estudia el PBI per cápita, desde el año 1800 al día de hoy, lo que se observa es que, luego de la Revolución Industrial, el PBI per cápita mundial, se multiplicó por más de 15 veces, generando una explosión de riqueza que sacó de la pobreza al 90 por ciento de la población mundial.

No debemos olvidar nunca, que – para el año 1800 – cerca del 95 por ciento, de la población mundial, vivía en la pobreza más extrema; mientras que ese número cayó al 5 por ciento para el año 2020, previo a la pandemia.

La conclusión es obvia: lejos de ser la causa de nuestros problemas, el capitalismo de libre empresa, como sistema económico, es la única herramienta que tenemos para terminar con el hambre, la pobreza y la indigencia, a lo largo y a lo ancho de todo el planeta. La evidencia empírica es incuestionable.

Por eso, como no cabe duda de que el capitalismo de libre mercado es superior – en términos productivos – la doxa de izquierda ha atacado al capitalismo por sus cuestiones de moralidad, por ser – según ellos - dicen sus detractores, que es injusto.

Dicen que el capitalismo es malo porque es individualista y que el colectivismo es bueno porque es altruista, con la ajena. En consecuencia bregan por la justicia social, pero este concepto que – desde el Primer Mundo – se ha puesto de moda, en la última época, en mi país es una constante del discurso político, desde hace más de 80 años. El problema es que la justicia social no es justa, sino que tampoco aporta al bienestar general; muy por el contrario, es una idea intrínsecamente injusta porque es violenta; es injusta porque el Estado se financia, a través de impuestos y los impuestos se cobran de manera coactiva. ¿Acaso alguno de nosotros puede decir que pagan los impuestos de manera voluntaria? Lo cual significa que el Estado se financia, a través de la coacción y a mayor carga impositiva mayor es la coacción, menor es la libertad.

Quienes promueven la justicia social parten de la idea de que el conjunto de la economía es una torta que se puede repartir de una manera distinta, pero esa torta no está dada, es riqueza que se va generando, en lo que – por ejemplo – Israel Kirzner llama un proceso de descubrimiento de mercado. Si el bien o servicio que ofrece una empresa no es deseado, esa empresa quiebra a menos que se adecúe a lo que el mercado le está demandando. Si genera un producto de buena calidad a un buen precio, atractivo, le va a ir bien y va a producir más.

De modo que el mercado es un proceso de descubrimiento, en el cual el capitalista encuentra sobre la marcha el rumbo correcto, pero si el Estado castiga al capitalista por tener éxito y lo bloquea en este proceso de descubrimiento destruye sus incentivos y las consecuencias de eso es que va a producir menos y la torta será más chica, generando perjuicio para el conjunto de la sociedad.

El colectivismo - al inhibir estos procesos de descubrimiento y al dificultar la apropiación de lo descubierto - ata al emprendedor de las manos y le imposibilita producir mejores bienes y ofrecer mejores servicios a un mejor precio. ¿Cómo puede ser, entonces, que desde la academia, los organismos internacionales, la política y la teoría económica se demonice un sistema económico que no sólo ha sacado de la pobreza más extrema, al 90 por ciento de la población mundial y lo hace, cada vez más rápido, sino que además es justo y moralmente superior.

Gracias al capitalismo de libre empresa, hoy, el mundo se encuentra en su mejor momento. No hubo nunca, en toda la historia de la humanidad, un momento de mayor prosperidad que el que vivimos hoy. El mundo, de hoy, es más libre, más rico, más pacífico y más próspero, que cualquier otro momento de nuestra historia. Esto es cierto para todos, pero en particular para aquellos países que son libres, donde respetan la libertad económica y los derechos de propiedad de los individuos. Porque aquellos países, que son libres son 12 veces más ricos que los reprimidos. El decil más bajo de la distribución de los países libres, vive mejor que el 90 por ciento de la población de los países reprimidos, tiene 25 veces menos cantidad de pobres, en el formato estándar y 50 veces menos en el formato extremo. Y por si eso fuera poco, los ciudadanos de los países libres viven un 25 por ciento más que los ciudadanos de los países reprimidos.

Ahora bien, para entender qué venimos a defender es importante definir de qué hablamos nosotros cuando hablamos de libertarismo. Para definirlo retomo las palabras del máximo prócer de las ideas de la libertad, de Argentina, el profesor Alberto Benegas Lynch (h) que dice: “el libertarismo es el respeto irrestricto del proyecto de vida del prójimo, basado en el principio de no agresión, en defensa del derecho a la vida, a la libertad y a la propiedad, cuyas instituciones fundamentales son la propiedad privada, los mercados libres de intervención estatal, la libre competencia, la división del trabajo y la cooperación social”.

Dicho de otro modo, el capitalista es un benefactor social que, lejos de apropiarse de la riqueza ajena, contribuye al bienestar general. En definitiva, un empresario exitoso es un héroe.

Este es el modelo que nosotros estamos proponiendo para la argentina del futuro. Un modelo basado en los principios fundamentales del libertarismo: la defensa de la vida, de la libertad y de la propiedad

Ahora bien, si el capitalismo de libre empresa y la libertad económica han sido herramientas extraordinarias para terminar con la pobreza en el mundo; y nos encontramos hoy en el mejor momento de la historia de la humanidad, ¿por qué digo entonces que occidente está en peligro?

Digo que occidente está en peligro justamente porque en aquellos países que debiéramos defender los valores del libre mercado, la propiedad privada, y las demás instituciones del libertarismo, sectores del establishment político y económico, algunos por errores en su marco teórico y otros por ambición de poder , están socavando los fundamentos del libertarismo, abriéndole las puertas al socialismo y condenándonos potencialmente a la pobreza, a la miseria y al estancamiento.

Porque nunca debe olvidarse que el socialismo es siempre y en todo lugar un fenómeno empobrecedor que fracasó en todos los países que se intentó. Fue un fracaso en lo económico. Fue un fracaso en lo social. Fue un fracaso en lo cultural. Y además asesinó a más de 100 millones de seres humanos.

El problema esencial de occidente hoy es que no sólo debemos enfrentarnos a quienes, aun luego de la caída del muro y la evidencia empírica abrumadora, siguen bregando por el socialismo empobrecedor; sino también a nuestros propios líderes, pensadores y académicos que, amparados en un marco teórico equivocado, socavan los fundamentos del sistema que nos ha dado la mayor expansión de riqueza y prosperidad de nuestra historia.

El marco teórico al que me refiero es el de la teoría económica neoclásica, que diseña un instrumental que, sin quererlo , termina siendo funcional a la intromisión del estado , el socialismo, y la degradación de la sociedad. El problema de los neoclásicos es que como el modelo del que se enamoraron no mapea contra la realidad, atribuyen el error a supuestos fallos del mercado en vez de revisar las premisas de su modelo.

El pretexto de un supuesto fallo de mercado se introducen regulaciones que lo único que generan es distorsiones en el sistema de precios, que impiden el cálculo económico, y en consecuencia el ahorro, la inversión y el crecimiento

Este problema radica esencialmente en que ni siquiera los economistas supuestamente libertarios comprenden qué es el mercado, ya que si se comprendiera se vería rápidamente que es imposible que exista algo así como fallos del mercado.

El mercado no es una curva de oferta y demanda en un gráfico. El mercado es un mecanismo de cooperación social donde se intercambian voluntariamente. Por lo tanto, dada esa definición, el fallo del mercado es un oxímoron. No existe fallo de mercado.

Si las transacciones son voluntarias, el único contexto en el que puede haber un fallo de mercado es si hay coacción. Y el único con la capacidad de coaccionar de manera generalizada es el estado que tiene el monopolio de la violencia. En consecuencia, si alguien considera que hay un fallo de mercado, les recomendaría que revisen si hay intervención estatal en el medio. Y si encuentran que no hay intervención estatal en el medio, les sugiero que hagan de nuevo el análisis porque definitivamente está mal. Los fallos de mercado no existen.

Un ejemplo de los supuestos fallos del mercado que describen los neoclásicos son las estructuras concentradas de la economía. Sin embargo, sin funciones que presenten rendimiento creciente a escala, cuya contrapartida son las estructuras concentradas de la economía no podríamos explicar el crecimiento económico desde el año 1800 hasta hoy.

Fíjense que interesante. Desde el año 1800 en adelante con la población multiplicándose más de 8 o 9 veces, el producto per cápita creció más de 15 veces. Existen rendimientos crecientes, eso llevó la pobreza extrema del 95% al 5%. Sin embargo, esa presencia de rendimientos crecientes implican estructuras concentradas, lo que se llamaría un monopolio.

¿Cómo puede ser que algo que haya generado tanto bienestar para la teórica neoclásica sea un fallo de mercado? Economistas neoclásicos salgan de la caja. Cuando el modelo falla, no hay que enojarse con la realidad, hay que enojarse con el modelo y cambiarlo.

El dilema que enfrenta el modelo neo-clásico es que dicen querer perfeccionar el funcionamiento del mercado atacando lo que ellos consideran fallos, pero al hacerlo no sólo le abren las puertas al socialismo, sino que atentan contra el crecimiento económico. Ejemplo, regular monopolios, destruirle las ganancias, y destrozar los rendimientos crecientes automáticamente destruiría el crecimiento económico.

Dicho de otro modo, cada vez que ustedes quieran hacer una corrección de un supuesto fallo de mercado, inexorablemente, por desconocer lo que es el mercado o por haberse enamorado de un modelo fallido, le están abriendo las puertas al socialismo y están condenando a la gente a la pobreza.

Sin embargo, frente a la demostración teórica de que la intervención del estado es perjudicial, y la evidencia empírica de que fracasó - porque no podía ser de otra manera- la solución que propondrán los colectivistas no es mayor libertad sino que es mayor regulación, generando una espiral descendiente de regulaciones hasta que todos seamos más pobres, y la vida de todos nosotros dependa de un burócrata sentado en una oficina de lujo.

Dado el estrepitoso fracaso de los modelos colectivistas y los innegables avances del mundo libre, los socialistas se vieron forzados a cambiar su agenda. Dejaron atrás la lucha de clases basada en el sistema económico para reemplazarla por otros supuestos conflictos sociales igual de nocivos para la vida en comunidad y para el crecimiento económico.

La primera de estas nuevas batallas fue la pelea ridícula y anti natural entre el hombre y la mujer.

El libertarismo ya establece la igualdad entre los sexos. La piedra fundacional de nuestro credo dice que todos los hombres somos creados iguales, que todos tenemos los mismos derechos inalienables otorgados por el creador, entre los que se encuentran la vida, la libertad y la propiedad.

En lo único que devino esta agenda del feminismo radical es en mayor intervención del estado para entorpecer el proceso económico, darle trabajo a burócratas que no le aportan nada a la sociedad, sea en formato de ministerios de la mujer u organismos internacionales dedicados a promover esta agenda.

Otro de los conflictos que los socialistas plantean es el del hombre contra la naturaleza. Sostienen que los seres humanos dañamos el planeta y que debe ser protegido a toda costa, incluso llegando a abogar por mecanismos de control poblacional o en la agenda sangrienta del aborto.

Lamentablemente, estas ideas nocivas han impregnado fuertemente en nuestra sociedad. Los neo-marxistas han sabido cooptar el sentido común de occidente. Lograron esto gracias a la apropiación de los medios de comunicación, de la cultura, de las universidades, y sí, también de los organismos internacionales.

Por suerte, somos cada vez más los que nos atrevemos a levantar la voz. Porque vemos que, si no combatimos frontalmente estas ideas, el único destino posible es que cada vez vamos a tener más estado, más regulación, más socialismo, más pobreza, menos libertad, y, en consecuencia, peor nivel de vida.

Occidente, lamentablemente, ya comenzó a transitar este camino. Sé que a muchos les puede sonar ridículo plantear que occidente se ha volcado al socialismo. Pero sólo es ridículo en la medida que uno se restringe a la definición económica tradicional del socialismo, que establece que es un sistema económico donde el estado es el dueño de los medios de producción.

Esta definición debiera ser, para nosotros, actualizada a las circunstancias presentes. Hoy los estados no necesitan controlar directamente los medios de producción para controlar cada aspecto de la vida de los individuos.

Con herramientas como la emisión monetaria, el endeudamiento, los subsidios, el control de la tasa de interés, los controles de precios y las regulaciones para corregir los supuestos “fallos de mercado”, pueden controlar los destinos de millones de seres humanos.

Así es como llegamos al punto en el que con distintos nombres o formas, buena parte de las ofertas políticas generalmente aceptadas en la mayoría de los países de occidente son variantes colectivistas.

Ya sea que se declaren abiertamente comunistas, o socialistas, socialdemócratas, demócratas cristianos, neokeynesianos, progresistas, populistas, nacionalistas o globalistas.

En el fondo no hay diferencias sustantivas: todas sostienen que el estado debe dirigir todos los aspectos de la vida de los individuos. Todas defienden un modelo contrario al que llevó a la humanidad al progreso más espectacular de su historia.

Nosotros venimos hoy aquí a invitar a los demás países de occidente a que retomemos el camino de la prosperidad. La libertad económica, el gobierno limitado y el respeto irrestricto de la propiedad privada son elementos esenciales para el crecimiento económico. Este fenómeno de empobrecimiento que produce el colectivismo no es una fantasía. Ni tampoco fatalismo. Es una realidad que los argentinos conocemos muy bien.

Porque ya lo vivimos. Ya pasamos por esto. Porque como dije antes, desde que decidimos abandonar el modelo de la libertad que nos había hecho ricos, estamos atrapados en una espiral descendiente en donde cada día somos más pobres.

Ya lo vivimos nosotros. Y estamos acá para alertarlos acerca de lo que puede pasar si los países de occidente que se hicieron ricos con el modelo de la libertad, continúan por este camino de servidumbre.

El caso argentino es la demostración empírica de que no importa cuán rico seas, cuantos recursos naturales tengas, no importa cuán capacitada esté la población, ni cuán educada sea, ni cuantos lingotes de oro haya en las arcas del banco central.

Si se adoptan medidas que entorpecen el libre funcionamiento de los mercados, la libre competencia, los sistemas de precios libres, si se entorpece el comercio, si se atenta contra la propiedad privada, el único destino posible es la pobreza.

Para finalizar, quiero dejarle un mensaje a todos los empresarios aquí presentes y a los que nos están mirando desde todos los rincones del planeta.

No se dejen amedrentar ni por la casta política ni por los parásitos que viven del estado. No se entreguen a una clase política que lo único que quiere es perpetuarse en el poder y mantener sus privilegios.

Ustedes son benefactores sociales. Ustedes son héroes. Ustedes son los creadores del periodo de prosperidad más extraordinario que jamás hayamos vivido. Que nadie les diga que su ambición es inmoral. Si ustedes ganan dinero es porque ofrecen un mejor producto a un mejor precio, contribuyendo de esa manera al bienestar general. No cedan al avance del estado. El estado no es la solución. El estado es el problema mismo.

Ustedes son los verdaderos protagonistas de esta historia, y sepan que a partir de hoy, cuentan con un aliado inclaudicable en la República Argentina.

Muchas gracias y Viva la libertad carajo.",Sin título,2024-01-17,https://www.casarosada.gob.ar/informacion/discursos/50299-palabras-del-presidente-de-la-nacion-javier-milei-en-el-54-reunion-anual-del-foro-economico-mundial-de-davos,casarosada,auto,"El discurso aborda la crítica al socialismo y el colectivismo como amenazas para la libertad y la prosperidad, defendiendo el capitalismo de libre empresa como el sistema moral y productivo clave para reducir la pobreza. Destaca el auge económico de los modelos libres, contrastado con el estancamiento bajo el colectivismo, y subraya la importancia del mercado como proceso dinámico de descubrimiento, sin fallos inherentes. Critica la justicia social y las intervenciones estatales como coercitivas, advirtiendo sobre la influencia de ideologías izquierdistas en Occidente, que, según el autor, socavan los principios libertarios y promueven regulaciones que generan dependencia. El tono es defensivo y urgente, enfatizando la necesidad de resistir el socialismo y priorizar la libertad económica, la propiedad privada y el gobierno limitado, con Argentina como ejemplo de los riesgos del colectivismo.","[""El Presidente de la Nación, Javier Milei, advirtió en Davos que Occidente está en peligro por la influencia del socialismo, que considera un camino hacia la pobreza, y criticó a los líderes occidentales por haber abandonado el modelo de libertad en favor del colectivismo. Afirmó que los experimentos colectivistas son la causa de los problemas globales, no su solución, y señaló a Argentina como ejemplo de este fenómeno."", ""El texto compara el crecimiento económico bajo el modelo de libertad, que convirtió a un país en potencia mundial en 35 años, con el estancamiento y la pobreza que siguieron al colectivismo en los últimos 100 años, situando al país en el puesto 140 mundial. Destaca que el capitalismo de libre empresa es presentado como el único sistema moralmente deseable para reducir la pobreza, basándose en la historia del PBI per cápita, que permaneció estancado desde el año cero hasta el siglo XIX, salvo una excepción con el descubrimiento de América."", ""El crecimiento económico bajo el capitalismo se aceleró significativamente a lo largo del tiempo, pasando de tasas cercanas a cero antes del siglo XIX a un 3% anual en el período 2000-2023, reduciendo el tiempo para duplicar el PBI per cápita de 107 años a 23 años. Esta tendencia de aceleración ha persistido, reflejando un aumento constante en la productividad y el desarrollo económico."", ""El PBI per cápita mundial se multiplicó por más de 15 veces desde 1800, reduciendo la pobreza extrema del 95% al 5% de la población. El autor defiende que el capitalismo de libre empresa es la herramienta clave para erradicar la pobreza, a pesar de las críticas de la izquierda por su supuesta injusticia moral. La evidencia empírica respalda su eficacia productiva."", ""El texto critica la idea de justicia social como un concepto intrínsecamente injusto y coercitivo, ya que se basa en impuestos obligatorios que limitan la libertad individual, y señala que la economía no es un \""pastel\"" fijo, sino un proceso dinámico de descubrimiento de mercado, donde las empresas deben adaptarse a las demandas para sobrevivir. La justicia social, desde esta perspectiva, no promueve el bienestar general, sino una redistribución forzada que contradice la libertad económica."", ""El mercado es un proceso de descubrimiento donde el capitalista ajusta su rumbo, pero las restricciones estatales y el colectivismo dificultan este proceso, reduciendo incentivos y producción. Estos sistemas limitan la capacidad de los emprendedores para ofrecer mejores bienes y servicios, a pesar de que el mercado ha reducido la pobreza extrema y es considerado moralmente superior. La crítica al sistema económico parece injustificada dada su eficacia y beneficios sociales."", ""El texto afirma que el mundo actual es el más próspero y libre de la historia, destacando que los países libres son 12 veces más ricos que los reprimidos, con su decil más bajo viviendo mejor que el 90% de la población en países opresivos, y con menores tasas de pobreza y mayor esperanza de vida."", ""El libertarismo se define como el respeto al proyecto de vida ajeno, basado en el principio de no agresión y la defensa de la vida, libertad y propiedad, con instituciones como la propiedad privada y los mercados libres. Se presenta al capitalista como un benefactor social que contribuye al bienestar general, contraponiendo la idea de que los empresarios exitosos son héroes. El texto plantea un modelo basado en estos principios, cuestionando por qué, a pesar del éxito del capitalismo en reducir la pobreza, Occidente estaría en peligro."", ""El autor advierte que Occidente está en peligro por sectores del establishment que, por errores teóricos o ambición de poder, debilitan los principios del libertarismo, abriendo camino al socialismo. Este último, según el texto, ha fracasado históricamente, causando pobreza, muertes y estancamiento, y su defensa persiste a pesar de evidencias empíricas. El problema radica en líderes y académicos que, con marcos teóricos equivocados, socavan el sistema que generó la mayor prosperidad."", ""El marco teórico neoclásico, al no mapear la realidad, atribuye problemas a fallos del mercado en lugar de revisar sus propias premisas, lo que justifica regulaciones que generan distorsiones. Estas regulaciones afectan el cálculo económico, el ahorro, la inversión y el crecimiento. El autor sostiene que el mercado, como mecanismo de cooperación social, no puede tener fallos, ya que el concepto es contradictorio."", ""El autor sostiene que los fallos de mercado solo ocurren si hay coacción estatal, ya que el Estado tiene el monopolio de la violencia. Argumenta que los supuestos fallos del mercado, como estructuras económicas concentradas, son necesarios para explicar el crecimiento económico desde 1800, vinculado a rendimientos crecientes, no a monopolios reales. Señala que la reducción de la pobreza extrema está asociada a estas estructuras, aunque no implican concentración de poder en el sentido tradicional."", ""El autor critica el modelo neoclásico por considerarlo deficiente al intentar corregir fallos de mercado, lo que, en lugar de mejorar el sistema, abre la puerta al socialismo y perjudica el crecimiento económico. La regulación de monopolios y la intervención estatal, según el texto, destruyen rendimientos crecientes y generan una espiral de regulaciones que incrementan la pobreza y la dependencia de burócratas. La crítica se centra en que las soluciones propuestas por los colectivistas perpetúan el problema en lugar de resolverlo."", ""Los socialistas, tras el fracaso de sus modelos, cambiaron su enfoque de la lucha de clases a conflictos como el hombre vs. la mujer y el hombre vs. la naturaleza, promoviendo intervenciones estatales que fomentan burócratas y mecanismos como el control poblacional. Critican al feminismo radical por aumentar la regulación económica y al movimiento ambiental por priorizar la protección del planeta sobre el desarrollo humano. El libertarismo defiende la igualdad natural entre sexos y la libertad individual frente a estas agendas."", ""Las ideas neo-marxistas han infiltrado profundamente occidente a través de medios, cultura, universidades y organismos internacionales, promoviendo un mayor control estatal. El autor advierte que sin resistencia, esto llevará a más regulación, socialismo y pérdida de libertad, argumentando que el socialismo moderno se manifiesta mediante herramientas como la política monetaria y regulaciones, no solo el control directo de la producción."", ""El texto afirma que las ofertas políticas en Occidente, bajo distintos nombres, son variaciones colectivistas que sostienen que el Estado debe controlar la vida de los individuos, opuestas al modelo de libertad económica que generó prosperidad. Destaca la experiencia argentina como ejemplo de los efectos negativos del colectivismo, advirtiendo sobre el riesgo de que otros países occidentales repitan ese camino. El autor defiende la libertad económica, el gobierno limitado y la propiedad privada como claves para el crecimiento."", ""El caso argentino ilustra que la riqueza, los recursos naturales y la educación no evitan la pobreza si se limita el libre mercado, la competencia y la propiedad privada. Se exhorta a los empresarios a resistir la influencia de la política y los grupos que dependen del Estado, destacando su rol como creadores de prosperidad. El mensaje final afirma que el Estado no es la solución, sino el problema, y se declara apoyo a la libertad económica.""]",,Discurso político,"El discurso es producido por un actor político, el Presidente de la Nación, Javier Milei, y se dirige a un foro económico mundial, lo que lo clasifica como discurso político. Además, el discurso tiene como destinatarios simultáneos al público en general, lo que se refleja en la intención de persuadir y formar opinión sobre temas económicos y políticos.",Davos,no identificado,no identificado,"El discurso menciona 'la 54° Reunión Anual del Foro Económico Mundial, en Davos', lo que indica que Davos es la ciudad donde se emitió el discurso.",,Javier Milei,"El texto lo identifica explícitamente en el encabezado como 'Presidente de la Nación, Javier Milei'.","[{""actor"": ""los principales líderes del mundo occidental"", ""tipo"": ""contradestinatario"", ""justificacion"": ""Son interpelados directamente y criticados por haber 'abandonado el modelo de la libertad'.""}, {""actor"": ""los asistentes al Foro de Davos / líderes globales"", ""tipo"": ""paradestinatario"", ""justificacion"": ""El enunciador utiliza vocativos implícitos y marcas de apelación ('estoy acá para decirles') para persuadirlos sobre la validez del capitalismo de libre empresa.""}, {""actor"": ""la base electoral y simpatizantes de su modelo económico"", ""tipo"": ""prodestinatario"", ""justificacion"": ""Aunque el discurso ocurre en Davos, el uso de términos como 'casta privilegiada' y la defensa del 'modelo de la libertad' refuerza el vínculo con quienes ya comparten sus valores.""}]","[{""actor"": ""los asistentes a la 54° Reunión Anual del Foro Económico Mundial en Davos"", ""justificacion"": ""El texto indica explícitamente el lugar y el evento: 'en la 54° Reunión Anual del Foro Económico Mundial, en Davos'.""}]","[{""nombre"": ""los argentinos"", ""clase"": ""institucional"", ""justificacion"": ""El enunciador se posiciona como representante del Estado argentino al utilizar la primera persona del plural para referirse a la experiencia nacional: 'nadie mejor que nosotros los argentinos para dar testimonios'.""}, {""nombre"": ""defensores del modelo de la libertad / capitalismo de libre empresa"", ""clase"": ""ideológico"", ""justificacion"": ""Se identifica con los defensores de un modelo económico específico frente al colectivismo: 'Nosotros estamos, acá, para decirles que los experimentos colectivistas nunca son la solución'.""}, {""nombre"": ""los libertarios"", ""clase"": ""partidario"", ""justificacion"": """"}]",,2026-06-24 08:56:08,2026-07-07 15:55:01.323938+00:00
casarosada_50311-palabras-del-presidente-de-la-nacion-javier-milei-en-el-acto-oficial-por-el-dia-internacional-en-memoria-de-las-victimas-del-holocausto-desde-el-museo-del-holocausto-caba,"Palabras del Presidente de la Nación, Javier Milei, en el acto oficial por el Día Internacional en Memoria de las Víctimas del Holocausto, desde el Museo del Holocausto, CABA

En primer lugar, quiero comenzar por agradecer al presidente del Museo del Holocausto, Marcelo Mindlin, por invitarme a decir unas palabras en esta fecha que está cerca de nuestro corazón. Lo considero un honor. Quiero agradecer a todos a quienes acaban de compartir conmigo esta ceremonia, y también saludar a todos los aquí presentes.

Como todos saben, la mayoría habrá vivido en carne propia, es tradición en los casamientos judíos, que el novio rompa bajo su pie una copa de cristal. Pisando la copa, se recuerdan las dos destrucciones del Templo Sagrado de Jerusalén: la primera hace 2.600 años a manos de los babilonios, la segunda 600 años después producto de la opresión del yugo romano.

En el contexto de una boda, una de las grandes alegrías en la vida de una persona, los protagonistas y los invitados recuerdan un hecho trágico en su historia: la destrucción de su ciudad y de la casa de Dios, el símbolo de su pueblo, a manos de la barbarie invasora. Es francamente una imagen conmovedora. Habiendo atravesado tanto dolor, eligen recordarlo en el momento en el que se celebra el inicio de una nueva familia judía. Sobre los escombros, sobre las ruinas, sobre lo destruido, se vuelve a construir un testimonio de la fortaleza y de la esperanza. Esta tradición expresa lo que considero una de las cualidades más admirables de la comunidad judía: la resiliencia, la cualidad de enfrentar la adversidad, de resistir la opresión, de recuperar la fuerza y de volver a florecer.

Hoy conmemoramos la memoria de las víctimas del Holocausto, una de las atrocidades más grandes de las que se tenga memoria contra el pueblo judío y contra la humanidad toda. Una atrocidad con sobrevivientes que están hoy entre nosotros, que, tras soportar la segregación, la discriminación e incluso el horror de los campos de concentración, vinieron a la Argentina buscando rehacer su vida lejos de la persecución y el dolor.

Hoy, además de honrar a las víctimas que ya no están, tenemos la suerte de poder escuchar a los sobrevivientes que albergamos en nuestro país, que son un testimonio de fortaleza y esperanza. Sus historias de vida son ejemplos y nos dictan el imperativo moral de mantener viva a la memoria y velar para que atrocidades como estas no se repitan nunca más.

La Argentina, durante mucho tiempo, fue un refugio y un lugar de destino para todos los pueblos perseguidos del mundo. En la segunda mitad del siglo XIX y la primera mitad del siglo XX, cuando en distintos lugares de Europa y del mundo la gente era castigada por el hambre, la inestabilidad y la opresión, cientos de miles miraban al otro lado del océano y soñaban con una vida en la Argentina. Sabían que del otro lado del Atlántico los esperaba un país tolerante con la diversidad, pujante y repleto de oportunidades; un país con las puertas abiertas que ya había acogido a millones de inmigrantes de distintos orígenes, escapándose de la injusticia y de la persecución, y buscando ellos mismos la promesa de un futuro próspero. Sabían que del otro lado del Atlántico los esperaba un lugar para empezar de nuevo. Eso fue la Argentina por mucho tiempo, y nosotros nos enriquecemos producto de esa diversidad.

Cada pueblo aportó sus cualidades, sus virtudes, su capacidad y su talento, y el resultado fue una sinergia que durante décadas nos enriqueció a todos los argentinos. La comunidad judía argentina fue y es una de las protagonistas de este proceso. Y hoy nos honra que la Argentina tenga una comunidad judía más grande de Latinoamérica y entre las 10 más grandes del mundo.

Este nuevo gobierno tiene la vocación de volver a convertir a la Argentina en un país libre y pujante, un país que vuelva a ser visto con esperanza y admiración. Un país que vuelva a ser un lugar de destino, que pueda acoger una vez más a quienes huyen del yugo de la opresión y solo buscan paz y la posibilidad de prosperar, como lo hizo con el pueblo judío.

Además de ser importante para mí, por tratarse de mi primera participación como presidente, el Día de la Memoria de las Víctimas del Holocausto tiene este año un significado de especial relevancia para la comunidad judía argentina, la comunidad judía global y para todo el mundo libre. El Holocausto y los nazis no son algo del pasado. Los hechos de violencia aberrante ocurridos en Israel el último 7 de octubre son atroces e imperdonables. Desde el Holocausto, no ocurría el asesinato coordinado de tantos judíos en masa en un mismo día, en un contexto global del resurgimiento del antisemitismo, tenemos que ser firmes en nuestra posición de intransigencia con el terrorismo y no mirar para otro lado.

Durante los primeros años del Holocausto, muchos países del mundo libre le dieron la espalda al pueblo judío. Las potencias del mundo se mantuvieron inertes mientras los nazis promulgaban leyes antisemitas y segregacionistas, y comenzaban a poblar los campos de concentración. Inclusive, le cerraron las puertas a judíos exiliados que tenían que elegir entre el exilio o la tortura. Hoy, muchos países del mundo libre se arrepienten de aquella actitud de silencio frente a las atrocidades de los nazis. Para que la historia no se repita, nosotros, quienes defendemos la libertad, tenemos la obligación de que eso no vuelva a ocurrir. Sin embargo, muchos países reinciden en el mismo silencio, un silencio que aturde. Argentina no silencia frente al terror de Hamas y exige la liberación inmediata de todos los civiles secuestrados, incluidos nuestros once compatriotas.

En mi mandato, me comprometo a continuar trabajando con las organizaciones de la comunidad judío-argentina para lograr una sociedad más respetuosa de la diversidad cultural y religiosa. Me comprometo también a fortalecer nuestro vínculo diplomático, comercial y de amistad con el Estado de Israel. De hecho, en las próximas semanas estaré viajando a la Tierra Santa, en la que constituirá un nuevo capítulo en la fraternidad entre nuestras dos naciones. Y también, en el marco de los 30 años del atentado a la AMIA, me comprometo a seguir trabajando para apoyar la justicia y poner fin a la impunidad que rodea este crimen aberrante y a la tragedia del atentado a la embajada de Israel.

En este día de conmemoración y memoria, honramos a las víctimas sobrevivientes de la Shoá y ratificamos nuestro compromiso en la defensa de la libertad y el rechazo al antisemitismo. Este museo no se trata del pasado. Gracias a este museo y a este acto, construimos el presente y proyectamos un futuro de esperanza. Shalom y libertad. Muchas gracias.",Sin título,2024-01-26,https://www.casarosada.gob.ar/informacion/discursos/50311-palabras-del-presidente-de-la-nacion-javier-milei-en-el-acto-oficial-por-el-dia-internacional-en-memoria-de-las-victimas-del-holocausto-desde-el-museo-del-holocausto-caba,casarosada,auto,"El discurso del Presidente Javier Milei aborda la conmemoración del Holocausto y la importancia de preservar la memoria colectiva para evitar repetir tragedias, destacando la tradición judía de romper una copa como símbolo de resiliencia. Reclama el rol de Argentina como refugio histórico para inmigrantes perseguidos, resaltando su diversidad y compromiso con la justicia, mientras subraya la necesidad de condenar el antisemitismo y el terrorismo en el contexto actual. Menciona el apoyo al pueblo judío argentino y la fortalecimiento de las relaciones con Israel, junto con la defensa de los derechos humanos y la liberación de civiles secuestrados. El tono es reflexivo y comprometido, enfatizando la responsabilidad moral de recordar las atrocidades y promover la esperanza a través de la memoria.","[""El Presidente de la Nación, Javier Milei, agradeció al presidente del Museo del Holocausto, Marcelo Mindlin, por la invitación y expresó su respeto en el acto por el Día Internacional en Memoria de las Víctimas del Holocausto. Mencionó la tradición judía de romper una copa de cristal en los casamientos, simbolizando las destrucciones del Templo Sagrado de Jerusalén."", ""En una boda, los protagonistas y los invitados recuerdan la destrucción de su ciudad y el templo, simbolizando la resiliencia y esperanza al reconstruir sobre las ruinas. La tradición destaca la fortaleza del pueblo judío frente a la adversidad, mientras se conmemora el Holocausto y el paso de sus sobrevivientes a la Argentina para rehacer su vida."", ""El fragmento destaca la importancia de honrar a las víctimas y escuchar a los sobrevivientes como testimonio de fortaleza, así como el imperativo moral de preservar la memoria para evitar repetir atrocidades. Argentina se presenta como un país que, durante el siglo XIX y la primera mitad del XX, fue un refugio para inmigrantes perseguidos, acogiendo a miles que buscaban oportunidades y un futuro próspero, enriqueciendo así su diversidad."", ""El texto destaca la contribución de diversos pueblos, incluida la comunidad judía argentina, a la riqueza nacional y el rol de la Argentina como destino para quienes buscan libertad. El nuevo gobierno busca reafirmar el país como próspero y esperanzador, mientras se subraya la relevancia del Día de la Memoria del Holocausto en el contexto del resurgimiento del antisemitismo y los recientes ataques en Israel. Se insta a la firmeza contra el terrorismo y la condena del odio."", ""Durante el Holocausto, muchos países del mundo se mantuvieron inertes ante las leyes antisemitas nazis y cerraron las puertas a judíos exiliados. Hoy, algunos países se arrepienten de su silencio, pero muchos continúan ignorando las atrocidades, mientras Argentina exige la liberación de civiles secuestrados por Hamas."", ""El orador se compromete a trabajar con organizaciones judío-argentinas para promover la diversidad cultural y fortalecer las relaciones con Israel, incluyendo un viaje a la Tierra Santa. Además, resalta su compromiso con la justicia en los atentados a la AMIA y la embajada de Israel, la conmemoración de las víctimas de la Shoá y el rol del museo en construir un futuro de esperanza.""]",,Discurso político,"El discurso es producido por un actor político, el Presidente de la Nación, Javier Milei, y se dirige a una audiencia que incluye al presidente del Museo del Holocausto, Marcelo Mindlin, y a los presentes en el acto oficial por el Día Internacional en Memoria de las Víctimas del Holocausto, lo cual es una actividad política.",CABA,no identificado,Argentina,"El discurso menciona específicamente 'desde el Museo del Holocausto, CABA', lo que indica que se emitió en la Ciudad Autónoma de Buenos Aires, Argentina.",,Javier Milei,"Identificado explícitamente en el encabezado como 'Presidente de la Nación, Javier Milei' y utiliza la primera persona del singular ('quiero comenzar', 'lo considero', 'invitarme').","[{""actor"": ""comunidad judía"", ""tipo"": ""prodestinatario"", ""justificacion"": ""Es el destinatario principal del discurso. El enunciador se dirige a ellos reconociendo sus tradiciones ('como todos saben', 'en los casamientos judíos') y destacando sus cualidades ('la resiliencia', 'la comunidad judía argentina').""}, {""actor"": ""ciudadanía argentina / público general"", ""tipo"": ""paradestinatario"", ""justificacion"": ""El enunciador utiliza el 'nosotros' inclusivo al hablar de la historia del país ('nos enriquecemos producto de esa diversidad', 'nos enriqueció a todos los argentinos') y proyecta la visión de su gestión para el país.""}, {""actor"": ""sectores opresores o regímenes autoritarios"", ""tipo"": ""contradestinatario"", ""justificacion"": ""Aunque no menciona nombres propios, construye una contraposición moral al hablar de la 'barbarie invasora', la 'opresión del yugo romano' y los que ejercen el 'yugo de la o...', situando al adversario ideológico como aquel que persigue y segrega.""}]","[{""actor"": ""los asistentes al acto oficial en el Museo del Holocausto"", ""justificacion"": ""El enunciador saluda explícitamente a quienes 'acaban de compartir conmigo esta ceremonia' y a 'todos los aquí presentes'.""}]","[{""nombre"": ""el gobierno de Javier Milei"", ""clase"": ""institucional"", ""justificacion"": ""El enunciador se refiere a sí mismo y a su equipo como una entidad de gobierno al mencionar 'Este nuevo gobierno tiene la vocación...'""}, {""nombre"": ""los argentinos"", ""clase"": ""institucional"", ""justificacion"": """"}]",,2026-06-24 08:56:08,2026-07-07 15:55:01.323938+00:00
casarosada_50357-palabras-del-presidente-de-la-nacion-javier-milei-luego-de-su-visita-al-museo-del-holocausto-yad-vashe-israel,"Palabras del Presidente de la Nación, Javier Milei, luego de su visita al Museo del Holocausto Yad Vashem, Israel.

PRESIDENTE.- Buenos días. Quiero compartir con ustedes una historia de Talmud. Esta historia tuvo lugar luego de la destrucción del segundo templo a manos de los romanos. Se encontraban Rabí Akiva y sus colegas observando el monte del templo en ruinas y vieron a un zorro salir del lugar más santo de lo que era el templo. No podría haber una escena más desalentadora que aquella. Frente a esta terrible escena los rabinos lloraron en señal de duelo, pero Rabí Akiva comenzó a reír. Sus colegas le preguntaron, ¿cómo podía reír frente a semejante tragedia? a lo que Rabí Akiva respondido: Hay una profecía acerca de la destrucción que relata que un zorro irrumpiría en el lugar más santo. También ahí hay otra profecía que relata que este mismo lugar será reconstruido. Ahora que veo con mis propios ojos cumplirse la primera profecía. Me río de alegría y esperanza ya que de seguro se cumplirá la segunda profecía.

Es la primera vez que visito Israel y por ende este museo. Hoy mis ojos y mi corazón vieron imágenes de uno de los momentos más oscuros de la historia de la humanidad. Pero veo contraste, dentro del museo veo: el extremo de la destrucción y la muerte; mientras que afuera del museo veo: el extremo opuesto, reconstrucción y vida. Una tierra próspera, un país y una sociedad en constante crecimiento. Al igual que en Egipto, durante el Holocausto intentaron destruir al pueblo judío y a la libertad. Pero la libertad siempre triunfa porque al final la libertad es lo que prospera.

La Torá declara: ""La vida y la muerte puse delante tuyo; elegirás la vida"". Elegir la vida es elegir la libertad. El Holocausto nos recuerda nuestra responsabilidad y compromiso con la libertad y la necesidad de defender los Derechos Humanos como pilares fundamentales de la sociedad justa; y también nos impulsa a no callar, porque el silencio es cómplice, elegir la vida es elegir no callar.

Al mirar las tenebrosas imágenes del Holocausto, me pregunto: ¿dónde estaba el mundo libre en aquel entonces? Y hoy me vuelvo a cuestionar exactamente la misma pregunta: ¿dónde está la voz del mundo libre reclamando y exigiendo la liberación de los más de 100 secuestrados desde hace más de 100 días? Elegir la vida es exigir la liberación de los secuestrados.

No debemos callar ante la monstruosidad del nazismo. De forma similar, no podemos callar ante el nazismo moderno, hoy disfrazado del grupo terrorista Hamas. Elegir la vida es luchar contra el terrorismo. Como presidente de Argentina, reafirmo mi compromiso incondicional por una sociedad basada en la libertad y la dignidad humana, y reafirmo mi pedido de liberación de los secuestrados.

Que este museo y la memoria del Holocausto nos guíen hacia un presente en donde el silencio y la indiferencia frente al terror sean inaceptables. Después de haber presenciado tanta muerte expuesta en este museo, tal como una herida de la humanidad toda que aún sigue sangrando, quiero elegir la vida. Elegir estar del lado correcto del mundo y de la historia, Jerusalén es símbolo y estandarte de la vida y la libertad. Elegimos la vida, elegimos Jerusalén occidental como base de nuestra embajada. Con mi profundo deseo de Shalom, muchas gracias.",Sin título,2024-02-08,https://www.casarosada.gob.ar/informacion/discursos/50357-palabras-del-presidente-de-la-nacion-javier-milei-luego-de-su-visita-al-museo-del-holocausto-yad-vashe-israel,casarosada,auto,"El discurso de Javier Milei aborda la resiliencia frente a la adversidad, utilizando la historia del Talmud sobre Rabí Akiva como metáfora de esperanza en la reconstrucción de la dignidad. Destaca la responsabilidad histórica de defender la libertad y los derechos humanos, contrastando el sufrimiento del Holocausto con el crecimiento de Israel, y condena el nazismo moderno vinculado a grupos como Hamas. El orador exige la liberación de los secuestrados, rechaza el silencio ante el terror y subraya la importancia de la acción colectiva. El tono combina reflexión histórica, urgencia moral y defensa de la libertad, con un enfoque en la continuidad entre pasados traumáticos y desafíos actuales.","[""El Presidente de la Nación, Javier Milei, compartió una historia del Talmud sobre Rabí Akiva y sus colegas, quienes observaron un zorro salir del lugar más santo del templo destruido, cumpliendo una profecía. Mientras los rabinos lloraron, Akiva rió al ver cumplida la primera profecía y esperó que se cumpliera la segunda, de la reconstrucción del templo."", ""El visitante destaca el contraste entre la oscuridad del Holocausto en el museo y el crecimiento de Israel, recordando la responsabilidad de defender la libertad y los derechos humanos. Enfatiza que elegir la vida implica no callar y exigir la liberación de los secuestrados, cuestionando el silencio del mundo frente a tragedias pasadas y actuales."", ""El orador condena el nazismo moderno, identificado con el grupo terrorista Hamas, y reafirma su compromiso con la libertad y la dignidad humana, exigiendo la liberación de los secuestrados. Destaca la importancia de no ser indiferentes al terror, eligiendo la vida y la libertad, y menciona la elección de Jerusalén occidental como sede de la embajada.""]",,Discurso político,"El discurso es producido por el Presidente de la Nación, Javier Milei, lo que lo califica como discurso político. Además, el contexto del discurso es político, ya que trata sobre visitas a lugares históricos, reflexiones sobre la libertad, el Holocausto, el terrorismo y la política actual de Israel, lo que lo convierte en un discurso político.",Jerusalén,no identificado,Israel,"El discurso menciona específicamente 'Museo del Holocausto Yad Vashem, Israel', lo que indica que el discurso se emitió en Jerusalén, Israel.",,Javier Milei,"El texto está encabezado por la identificación explícita 'PRESIDENTE' y el título indica que son palabras de Javier Milei, quien utiliza la primera persona singular ('Quiero compartir', 'me pregunto', 'reafirmo mi compromiso'). Texto firmado/atribuido directamente a él аудиitorio: []","[{""actor"": ""acompañantes y prensa en Israel"", ""tipo"": ""prodestinatario"", ""justificacion"": ""Uso del vocativo 'Buenos días. Quiero compartir con ustedes', dirigido a quienes están presentes en la visita al museo.""}, {""actor"": ""Comunidad internacional / Mundo libre"", ""tipo"": ""paradestinatario"", ""justificacion"": ""El enunciador interpela directamente al 'mundo libre' cuestionando su silencio frente a los secuestros.""}, {""actor"": ""Hamas / nazismo moderno"", ""tipo"": ""contradestinatario"", ""justificacion"": ""El enunciador los identifica explícitamente como el 'nazismo moderno' y el 'grupo terrorista', posicionándolos como el adversario moral y político.""}]","[{""actor"": ""asistentes a la visita de Milei al Museo Yad Vashem"", ""justificacion"": """"}]","[{""nombre"": ""el gobierno de Javier Milei"", ""clase"": ""institucional"", ""justificacion"": ""El enunciador habla explícitamente desde su cargo y responsabilidad estatal.""}, {""nombre"": ""defensores del modelo de la libertad"", ""clase"": ""ideológico"", ""justificacion"": ""Se identifica con los valores de la libertad y la dignidad humana como eje motor de su visión del mundo.""}]",,2026-06-24 08:56:08,2026-07-07 15:55:01.323938+00:00
casarosada_50371-palabras-del-presidente-de-la-nacion-javier-milei-en-la-conferencia-politica-de-accion-conservadora-cpac-en-washington-estados-unidos,"Palabras del Presidente de la Nación, Javier Milei en la Conferencia Política de Acción Conservadora (CPAC), en Washington, Estados Unidos

Hola a todos. Yo soy el león. Yo también los amo. Viva la libertad, carajo. Parece que lo que decían como fenómeno barrial, se agrandó un poco el barrio.

En primer lugar, muchas gracias por esta invitación; en cuanto a la conferencia, del día de hoy, dado el impacto de la Conferencia en Davos, en que señalé que Occidente está en peligro, dado el avance de las ideas estatistas, hoy haré foco en los fundamentos técnicos que sostenían dichas apreciaciones políticas, en aquella conferencia. En este sentido, haré foco sobre cómo la economía neoclásica y su visión de los fallos del mercado son funcionales al avance del socialismo y cómo eso destruye al crecimiento económico poniendo un freno a las mejoras contra el bienestar y la lucha contra la pobreza.

En cuanto a la génesis de este problema, el problema es un problema metodológico entre modelos vs. realidad. Dado que la realidad es siempre muy compleja de analizar se analiza con modelos, pero – en términos generales – cuando el modelo no mapea con la realidad uno corrige el modelo, descarta el modelo y el problema con el mundo neoclásico es que, frente a este problema, que el modelo no mapea con la realidad se enojan con la realidad, llamándola fallo de mercado.

El origen de este problema tiene que ver cuando se ponen a estudiar las cualidades normativas del equilibrio competitivo, es decir que, mientras que el análisis se centraba en la existencia, en la unicidad y en la estabilidad eso no constituía un problema grave, desde el punto de vista político. Y en rigor el problema aparece cuando ingresa el análisis normativo de la mano del análisis de Pareto. Básicamente la idea del óptimo de Pareto es que yo no puedo mejorar a alguien sin empeorar a otro. Concretamente si estoy en una situación, donde puedo mejorar a alguien y hago una mejora para alguien, sin empeorar a otro, eso se llama mejora Paretiana. Y obviamente, cuando esas oportunidades se agotan significa que estamos en el óptimo de Pareto.

Y es ahí, donde aparecen las definiciones de fallos de mercados, que tienen distintos nombres; uno es las no convexidades, es decir la existencia de rendimientos crecientes, o para decirlo más popularmente, estructuras de mercados concentrados y monopolios. Otros casos son las externalidades: los bienes públicos en formación asimétrica y el “Dilema de los Prisioneros”. Y en realidad, todas estas definiciones tan elegantes son todos elementos que habilitan la intervención del Estado y con eso el avance de los estatistas y los socialistas. Pero para que no quede tan en abstracto voy a hacer un ejemplo aplicado: supongamos que estamos en el momento en que nos alumbrábamos con velas y todavía no había llegado Ericsson; obviamente en el momento en que aparece Ericsson con la lamparita, todos los fabricantes de velas van a la quiebra. Naturalmente si le hubiéramos prestado atención a los intervencionistas, hoy, en lugar de tener esta hermosa conferencia, con todas estas luces, seguiríamos con velas; así es como los socialistas arruinan nuestras vidas. Por suerte descartemos el óptimo de Pareto y avancemos con el progreso tecnológico.

Entonces lo primero que tenemos que entender es qué es el mercado, tener una buena definición de lo qué es el mercado. En este sentido, el mercado es un proceso de cooperación social, donde se intercambian derechos de propiedad, voluntariamente. De hecho – dado que los intercambios son voluntarios – no es posible hablar de fallos de mercado porque nadie estaría haciendo acciones auto flagelantes. Por lo tanto, cuando definimos bien mercado todas las definiciones de intervención se derrumban.

Por otra parte, también es muy importante tener bien claro cuáles son las instituciones sobre las que se construye la idea del mercado. Dos instituciones muy importantes son la propiedad privada y los mercados libres de intervención estatal, porque – básicamente – si voy a estar intercambiando derechos de propiedad quiere decir que la propiedad privada es importante. Y si los intercambios no son voluntarios, no hay lugar para la presencia intrusiva y violenta del Estado.

En este sentido, cuando se hace un intercambio y alguien entrega un bien, a cambio de dinero, eso fija un registro histórico, llamado precio. Y ese registro histórico, denominado precio es un mecanismo de transmisión de información, que además se transforma en un mecanismo de coordinación porque hace que – algunas personas –sean oferentes y otros sean demandantes.

Y como no necesariamente la cantidad demanda coincide con la ofrecida, cuando la demanda es mayor que la oferta, los precios suben y en su caso contrario bajan. Es decir, hay un proceso de ajuste. En definitiva, la propiedad privada y los mercados libres determinan el funcionamiento del sistema de precios y eso es lo que permite hacer cálculo económico. Y esto muestra por qué el socialismo en ninguna de sus vertientes puede funcionar, en el caso más extremo porque no hay propiedad privada, por lo tanto, no se pueden hacer los intercambios que requiere el mercado. Y, en segundo lugar, las versiones más light que permiten la existencia del sector privado, la intromisión del Estado mete ruido en el sistema de precios, y cuanto más Estado hay, más violencia hay, más distorsión hay y peor funciona el sistema.

Otra de las instituciones importantes para los mercados es lo que se llama la libre competencia, pero no en el sentido neoclásico de la competencia perfecta, sino en términos de entrada y salida. Y por otra parte hay dos instituciones que son muy importantes que son la división del trabajo y la cooperación social. La división del trabajo quién mejor la explicó fue Adam Smith: una persona sola podía producir solamente 20 alfileres, pero si se partía en quince la tarea, cada uno podía producir 5 mil alfileres, estamos hablando de 75 mil alfileres, pero cuál es el problema si no hay demanda para 75 mil alfileres, no va a haber tanta división del trabajo. Y esto combinado con la idea de combinación social, termina siendo absolutamente destructivo para las ideas socialistas. Una es: Yo podría estar odiando a él, pero necesito que el compre mi producto, por lo tanto, inexorablemente lo tengo que dar bien. Por eso, como decía Bastiat, “Donde entra el comercio, no entran las balas”. Y promover el libre comercio es promover la paz.

Y al mismo tiempo, del mercado como proceso de cooperación social es una tremenda bomba en contra del socialismo, porque si los intercambios son libres, eso significa que las dos partes que intervienen en el intercambio, ganan los dos. Por lo tanto, no hay lugar para la teoría de la explotación, no hay lugar para la plusvalía, no hay lugar para el marxismo y el socialismo.

Al mismo tiempo, es importante señalar, en la lógica del mercado, un empresario exitoso es un benefactor social, porque en el capitalismo de libre empresa solamente es posible ser exitoso sirviendo al prójimo con bienes de mejor calidad o de mejor precio. Y si ese empresario no lo está haciendo bien, podrá aparecer otro que pueda brindar el mismo bien a un mejor precio, o el mismo precio, mejor calidad, y eso va a llevar a la quiebra a los ineficientes y va a potenciar el bienestar; Y por ende, los empresarios, son benefactores sociales porque nos brindan bienes de mejor calidad, a un mejor precio, mientras que van creando puestos de trabajo y progreso en toda la sociedad. Por lo tanto, abracemos a los empresarios que son la base de la prosperidad.

Por lo tanto, dada esta introducción, vale la pena enfrentar, ahora, dónde está el dilema neoclásico. Esto dentro de la teoría del crecimiento económico y su evidencia empírica se llama: “El palo de hockey”. Si ustedes miran la historia, desde la era cristiana hacia adelante, el PBI per cápita entre el período en entre el año 0 y el 1800, prácticamente estuvo constante. Sin embargo, desde el año 1800 hasta aquí, se multiplicó por más de 15 veces, y en ese mismo período, la población en el año 1800 era de 800 millones de seres humanos, y hoy se ha multiplicado por 10. Es decir, que aumentó la productividad per cápita y, además, el PBI aumentó cerca de 150 veces, a punto tal que estamos en el mejor momento de la historia de la humanidad. Todo esto, a pesar de la existencia del Estado. Y en este mismo periodo de tan importante crecimiento económico, la pobreza extrema pasó del 95% de la población al 5%. Sin embargo, esta presencia de rendimientos crecientes significa que hay estructuras concentradas, es decir, que hay monopolios. Entonces, la pregunta es: si se generó tanto bienestar ¿Por qué la teoría neoclásica dice que los monopolios son malos, si nos trajo tanto bienestar y tanta caída en la pobreza? Y en realidad, como diría Murray Newton Rothbard, el inventor del anarco capitalismo, el problema es que el análisis neoclásico está mal. Supongamos que tengo 10 empresas compitiendo por hacer teléfonos celulares, y una de ellas descubre una técnica para hacer un teléfono de mejor calidad a un mejor precio, naturalmente hay 9 empresas que van a quebrar. Sin embargo, ¿Alguno de ustedes se quejaría por tener mejores teléfonos a un mejor precio? Por lo tanto, fuera la teoría neoclásica.

Entonces, veamos dónde están esos errores de la teoría neoclásica. En la versión más simple es porque dicen que el precio del monopolio es mayor que el de la competencia y que la cantidad producida es menor que en competencia. Sin embargo, ese análisis es errado porque tiene varios problemas; en primer lugar, porque es solamente un análisis de equilibrio parcial, solo considera el equilibrio en un solo mercado, y no considera el resto de la economía. Es decir, yo tengo el monopolio sobre Javier Milei y ustedes tienen el monopolio de ustedes mismos, sobre cada uno de ustedes, y eso no tiene nada de malo, afortunadamente somos todos distintos, gracias a Dios. Es más, festejamos nuestras diferencias porque no nos gusta la uniformidad gris del socialismo. Pero no solo está mal por ser un análisis de equilibrio parcial que no considera el resto de los mercados, sino que, además, es tan burdo que no considera los efectos futuros, es decir, el impacto en el futuro de estas estructuras de mercado. De hecho, esto me hace recordar un hermoso libro de un economista y pensador americano, Henry Hazlitt, que se llama, “La economía en una lección”, que decía: “La diferencia entre un buen economista y el mal economista, es que el mal economista solamente mira el mercado en un período, mientras que el buen economista mira todos los mercados y no solo el presente, sino también el futuro”. Por lo tanto, esto estaría mostrando que el análisis tradicional del monopolio y por el cual se los regulan, es parte de un mal análisis económico. Y si, además, tomamos el rol que toman las ganancias como elemento para generar crecimiento económico, además, meterse con los beneficios implica impactar negativamente sobre el crecimiento. Entonces, la pregunta es: ¿Cuál es la verdadera respuesta, o el verdadero fundamento de este análisis? Y en realidad la respuesta no está en el análisis económico, está en la estructura matemática que usa el equilibrio general. Básicamente, tiene que ver con el análisis del óptimo de Pareto y el problema de las no convexidades en el conjunto de producción. El óptimo de Pareto, para que el equilibrio existente sea óptimo de Pareto, tanto los consumidores como los productores deberían estar maximizando. Y el problema es que cuando tenemos rendimientos crecientes tenemos funciones de producción convexas y el problema con esas funciones es que no se puede encontrar un máximo. Naturalmente, eso es un error matemático también porque si yo tengo rendimientos crecientes puedo encontrar un máximo si utilizo todas las dotaciones de la economía y entonces ahí aparecería otro problema que me quedaría una sola empresa; pero eso que parece algo empíricamente correcto también tiene otro error conceptual porque básicamente implica desconocer la naturaleza de la firma y entre otras cosas, deja de lado el hecho de que las firmas son manejadas por seres humanos y naturalmente cuando ustedes más quieran trabajar para producir más, el costo de oportunidad del tiempo libre crece fenomenalmente. De qué le serviría un trabajo de que le ofrezcan 12 millones de dólares al año si ustedes tuvieran que trabajar los 7 días de la semana 24 horas. Se van a chocar contra su propia humanidad. Sin embargo, el análisis neoclásico trabaja a las firmas como si fueran máquina y no como empresas que dependen, son de los seres humanos.

Finalmente, otras de las críticas que se les hacen a los monopolios es que generan menos cantidades producidas en la economía y eso también es falso porque ese dinero que ganan los monopolistas, evidentemente lo pueden volcar al consumo y generar producción y empleo en otros lugares de la economía.

Ahora vamos a hacer un par de casos que irriten más a los keynesianos. ¿Qué sucede si esas grandes ganancias las ahorramos? Ese ahorro se transforma en inversión en otras empresas y eso genera crecimiento del producto y del empleo en otros sectores. No se pierde nada. O supongamos que este monopolista es tan ambicioso que quiere invertir todo en su propia empresa. Tal que todo su ahorro se transforma en inversión. Pero esa inversión significa más capital, más productividad, mayores salarios y al mismo tiempo más producción del bien, por lo tanto, baja el precio, por lo tanto, mayores salarios y menores precios, por lo tanto, todo es ganancia de bienestar.

Es más, entonces como ya no le podemos encontrar más ataques al monopolista, ya que si consume genera bienestar, ya que si ahorra en el sistema financiero genera bienestar y si ahorra e invierte en sí mismo también genera bienestar. Ahora pensemos que pasa si el “maldito empresario” decide enterrar ese dinero. Así nadie puede acceder a ese dinero.

¿Qué es lo que va a ocurrir? Se va reducir la cantidad de dinero en la economía y van a bajar los precios beneficiando a toda la población. Y es más, este empresario tan malo a los que más va a beneficiar son a los que menos tienen porque son lo que se benefician de la deflación. Por lo tanto, todo lo que acabamos de ver es que todos los análisis que justifican la intervención lo único que hace es crear más Estado y mayor daño a la gente.

Por lo tanto, para cerrar esta presentación, voy a mostrar como la intervención socialista lo que hace es destruir la economía. Y básicamente este ataque que hacen los socialistas es básicamente desde dos puntos de vista. Por un lado está la regulación de los monopolios, que al regular los monopolios quiebra el efecto de los rendimientos crecientes y hacen que las economías se estanquen. Si se regulara bajo el ideal neoclásico la cuasi renta sería cero. Y por lo tanto estaríamos en un mundo de la competencia perfecta donde no hay incentivos a crecer.

En el fondo lo que hace es abortar el proceso de destrucción creativa a la Schumpeter. Porque estos procesos de destrucción creativa parten de la idea de resolver algunos problemas de la sociedad que les permite más dinero y eso es lo que genera el progreso tecnológico y el crecimiento. Por lo tanto, si regulo los beneficios, si regulo la ganancia, el problema que voy a tener es estancamiento. Al margen de que regular precios y cantidades implica destruir el derecho de propiedad.

De hecho, les voy a contar un caso de un país que conozco, llamado Argentina. Un país que entró al siglo XX siendo uno de los países más ricos del mundo y que sin embargo hoy está 140 en el ranking mundial, con más de 50% de pobres y más de 10% de indigentes. Y cuando uno mira la cantidad de regulaciones, uno va a entender por qué.

Dentro de nuestros equipos de gobierno, hemos descubierto, por el momento, 380 mil regulaciones que traban el funcionamiento del sistema económico. Y de hecho, nuestras dos grandes pedidos de medidas, de reformas estructurales, el DNU y la Ley de Bases, propuestas que proponen darle más libertad a los argentinos, ir hacia estructuras de mercado más competitivas y sobre todas las cosas, eliminar la corrupción de la política, nos encontramos con grandes resistencias por parte de los beneficiarios de este sistema decadente, que empobrece a los argentinos de bien en favor de la casta corrupta. Donde la casta corrupta se compone de políticos ladrones, que ponen sus privilegios por encima del bienestar de los argentinos, por empresarios prebendarios que hacen negocios con los políticos corruptos, por medios de comunicación corruptos que están muy enojados con nosotros porque les eliminamos la pauta oficial, también por los sindicalistas que se ocupan de sus negocios en contra de la gente, y además por aquellos profesionales que son funcionales a la religión del Estado que viven de defender a estos corruptos. Por lo tanto, tomarán conciencia de la gran pelea que estamos dando. Pero no nos vamos a rendir en volver a hacer Argentina grande nuevamente.

La otra gran amenaza por donde atacan los socialistas y el estatismo es básicamente la discusión entre eficiencia y distribución, donde ahí se señala al capitalismo como un sistema hiper individualista y se lo compara con el altruismo socialista con el dinero ajeno. Siempre con el dinero ajeno. Y esta aberración se lleva a cabo en nombre de la justicia social, donde Hayek hablaba de las palabras comadreja. Donde cada vez que le ponían un adjetivo, significaba totalmente lo opuesto. De hecho como dice el gran Jesús Huerta de Soto, la justicia social es violenta e injusta, no es ni justa ni social ni nada, es una aberración.

En primer lugar, es injusta porque implica un trato desigual frente a la ley y la redistribución que implica la justica social es robarle a uno para darle a otro. Lo que hace que la justicia social además de ser violenta sea injusta. En el mismo sentido, esto se agrava con la idea de la democracia ilimitada. Es decir, la democracia originalmente fue diseñada para respetar el derecho de las más pequeñas de las minorías, el individuo. Pero cuando ingresan las ideas socialistas e ingresa la idea de la democracia ilimitada, ingresa el populismo. Pero para que no quede en algo tan abstracto les voy a dar un ejemplo. Supongamos que se juntan cuatro lobos y una gallina. Ahora vamos votar por qué se come hoy a la noche. Se acaban de comer la gallina. En el fondo eso también es lo que pasa en la economía, la gallina de los huevos de oro es el segmento que genera riqueza, pero por la forma de la distribución del ingreso, el 80% de la población tiene un ingreso menor que el ingreso promedio. Y ahí es cuando aparece el político populista que dice que hay que sacarles a los ricos para darle a los pobres. No solo Venezuela, Argentina y todo el populismo latinoamericano. Y cuando eso ocurre, se destruye los beneficios y se destruye el crecimiento económico. Si lo quieren en términos prácticos, Argentina es un país que produce alimentos para más de 400 millones de seres humanos y la presión fiscal sobre el sector productor de alimentos es del 70%. Es decir que el Estado se queda con el alimento de 280 millones de seres humanos. A pesar de ello, hay 5 millones de argentinos que no les alcanza para comer gracias al maldito Estado.

Otra parte que también discuten los socialistas y que tiene que ver con la distribución del ingreso, dicen que el sistema es injusto, hay un hermoso libro de Israel Kirzner, que se llama creatividad, capitalismo y justicia distributiva. Y ese libro parte de la hipótesis que Kirzner dice, el sistema capitalista es más productivo pero que si fuera verdaderamente injusto, no habría motivos para defenderlo. En ese sentido, trabaja sobre dos ideas, trabaja con el principio de apropiación de Locke, el que se lo descubre se lo queda. Si ustedes descubren algo, son los dueños de esos. Y la otra idea es la de Hayet, que es la de mercado como proceso de descubrimiento, que implica que no hay una torta para repartir, sino que esa torta se va creando cuando se va produciendo. Por lo tanto, si esa torta se va descubriendo mientras que ustedes van avanzando en el proceso productivo, por lo tanto, lo lógico es que esa torta sea apropiada por aquel que la fue descubriendo. Por lo tanto, ahora el sistema no solo que es más productivo, sino que además es el único sistema que es justo.

Y la verdad es que digamos todo esto a los socialistas los tenemos más que en jaque mate, ya les diría que… por eso les voy a dar una más, les voy a dar bis. Naturalmente cuando uno regula los monopolios, regula las empresas, lo que eran los procesos competitivos y al mismo tiempo introduce en concepto de la justicia social, evidentemente eso conduce al estancamiento. Y ese estancamiento dado el crecimiento de la población lleva al empobrecimiento paulatino de ese país, ¿Y cómo corrigen esto? lo corrigen con la agenda asesina del aborto. Una agenda asesina que podemos encontrar sus orígenes ya con los egipcios intentando exterminar a los judíos o con el caso de Malthus con su tratado sobre la población y la ley de hierro y salarios que promovía en control de la natalidad; o más cercano -a fines de la década del 60- el Club de Roma, donde el Club de Roma decía que como mundo se movía con energía fósiles y como esas energías no son renovables, predecían que en el año 2000 se iban a agotar esos recursos. Y sin embargo, esa situación lo que iba a generar es que no hubiera alimentos para todos y que nos íbamos a morir y que solamente quedaríamos mil millones de personas en el planeta tierra. Y en base a eso, hoy habiéndose desclasificado los archivos de Nixon y Kissinger sabemos que propusieron esa agenda asesina del aborto; donde, por ejemplo, (INAUDIBLE) tiene más locales que McDonald´s en todo el mundo. Pero afortunadamente se equivocaron de nuevo porque hoy en el mundo viven 8 mil millones de seres humanos. Sin embargo, no cesan esa agenda asesina, de hecho, el postmarxismo frente a su derrota en lo económico trasladó sus batallas de lucha de clases a otros aspectos de la vida, por ejemplo, el ecologismo; donde plantea la lucha del hombre con la naturaleza, donde culpan al ser humano del calentamiento global, cuando esto ya ha pasado cuatros veces en la historia del planeta tierra y no vivía el ser humano, y donde para corregir este problema a los neomarxistas no se le ocurre otra cosa que exterminar a los humanos, si verdaderamente tuviéramos un problemas de recursos deberíamos estar esperando colonizar otros planeta, no condenarnos a la muerte. De hecho, todos esos análisis en contra del crecimiento de la población son falsos, entonces le quiero dejar el caso de un economista muy optimista que se llamaba Julian Simon, que señalaba que el crecimiento de la población traía más progreso tecnológico, entonces, por ejemplo, señalaba que había crecimiento tecnológico impulsado por la demanda, donde básicamente al haber más personas y haber problemas de escasez y demás eso afectaba al sistema de precios y generaba nuevas reformas y nuevos progresos tecnológicos para resolver dichos problemas, y por otra parte señalaba el progreso tecnológico impulsado por el lado de la oferta, donde -por ejemplo- las chances de que tenga Mozart es mucho más grande si vive 1 millón de personas que si viven 10.

En definitiva, el mensaje es el siguiente: no dejen avanzar al socialismo, no avalen la regulación, no avalen la idea de los fallos del mercado, no permitan el avance de la agenda asesina y no se dejen llevar por los cantos de sirena de la justicia social; yo vengo de un país que compró todas esas ideas estúpidas y de ser un país de los más ricos del mundo está en el lugar 140. Por lo tanto, no entreguen su libertad, peleen por su libertad, porque si no pelean por la libertad los van a llevar a la miseria. Pero quiero dejarles también un mensaje de optimismo, Argentina parecía un país de ovejas condenado a la pobreza que nos marcan los socialistas y recuerdo cuando inicié mi carrera política para ser diputado Nacional dije: que yo no venía a guiar corderos, venía a despertar leones. Y fue así que cada día despertamos más leones y el mensaje de la libertad, no solo nos llevó a la presidencia a la Presidencia de la Argentina, sino que además estamos despertando a todo el mundo. Por lo tanto, no cedan frente a la lucha por la libertad, ¡viva la libertad carajo! ¡viva la libertad carajo! Muchas gracias.",Sin título,2024-02-24,https://www.casarosada.gob.ar/informacion/discursos/50371-palabras-del-presidente-de-la-nacion-javier-milei-en-la-conferencia-politica-de-accion-conservadora-cpac-en-washington-estados-unidos,casarosada,auto,"El discurso de Javier Milei critica el estatismo y el socialismo, defendiendo la economía de mercado como motor de crecimiento y libertad. Subraya que los fallos de mercado son malinterpretados, con énfasis en la importancia de la propiedad privada, la competencia y los precios como mecanismos de coordinación. Cuestiona la teoría neoclásica por su enfoque simplista en equilibrios y monopolios, argumentando que la intervención estatal genera ineficiencia y estancamiento. En el contexto de Argentina, aborda reformas para reducir regulaciones y promover la libertad económica, rechazando la justicia social como redistribución forzada. El tono es crítico hacia las ideologías estatistas y defensivo de la libre empresa, destacando el rol de los empresarios y la innovación como pilares del progreso.","[""El Presidente de la Nación, Javier Milei, pronunció un discurso en la Conferencia Política de Acción Conservadora (CPAC) en Washington, donde criticó las ideas estatistas y defendió la libertad económica. Destacó que la economía neoclásica y su enfoque en fallos del mercado favorecen el socialismo, obstaculizando el crecimiento y la lucha contra la pobreza. Subrayó que el problema radica en la desalineación entre modelos teóricos y la complejidad de la realidad, que se culpa erróneamente de fallos de mercado."", ""El problema surge al introducir el análisis normativo del equilibrio competitivo, especialmente con el enfoque de Pareto. El óptimo de Pareto implica que no se puede mejorar la situación de un individuo sin empeorar la de otro, y una mejora Paretiana ocurre cuando se beneficia a alguien sin perjudicar a nadie. Cuando ya no existen estas oportunidades, se alcanza el óptimo de Pareto."", ""El texto explica que las fallas de mercado, como no convexidades, externalidades y el \""Dilema de los Prisioneros\"", justifican la intervención estatal, vinculada a ideologías estatistas y socialistas. A través del ejemplo de la invención de Ericsson, critica a los socialistas por obstaculizar el progreso tecnológico en lugar de permitir innovaciones que reemplazan métodos obsoletos."", ""El mercado se define como un proceso de cooperación social basado en intercambios voluntarios de derechos de propiedad, lo que impide fallos de mercado y invalida definiciones de intervención. Las instituciones clave son la propiedad privada y los mercados libres, ya que sin ellas no existiría intercambio ni justificación para la intervención estatal. Los precios, como registros históricos, actúan como mecanismos de transmisión de información y coordinación entre oferentes y demandantes."", ""La oferta y la demanda ajustan los precios, y la propiedad privada y los mercados libres permiten el cálculo económico. El socialismo no puede funcionar por la ausencia de propiedad privada y la intervención estatal, que genera distorsiones en el sistema de precios. A mayor presencia estatal, mayor violencia y menor eficiencia en la asignación de recursos."", ""La libre competencia, entendida como entrada y salida en los mercados, junto con la división del trabajo y la cooperación social, son instituciones clave para los intercambios económicos. La división del trabajo, ilustrada por Adam Smith con el ejemplo de los alfileres, requiere demanda para funcionar, y su combinación con la cooperación social desafía las ideas socialistas al mostrar que el comercio libre beneficia a ambas partes, eliminando la necesidad de teorías como la explotación o la plusvalía. Esto refuerza la idea de que el libre comercio promueve la paz y contradice el marxismo y el socialismo."", ""Un empresario exitoso es un benefactor social en el capitalismo, ya que mejora la calidad o reduce precios de bienes, fomentando la eficiencia y el progreso mediante la competencia. La teoría del crecimiento económico muestra un aumento exponencial del PBI per cápita y la población desde el siglo XIX, conocido como \""el palo de hockey\""."", ""El fragmento destaca un crecimiento económico significativo, con un aumento del PBI y una reducción drástica de la pobreza extrema, a pesar de la existencia del Estado y la concentración de poder en monopolios. Se cuestiona la crítica neoclásica a los monopolios, argumentando que su presencia puede generar bienestar y mejora en calidad y precios, según la perspectiva de Murray Newton Rothbard. Se señalan errores en la teoría neoclásica, especialmente su suposición de que los monopolios elevan precios y reducen producción."", ""El análisis criticado es erróneo porque se limita al equilibrio parcial de un solo mercado, ignorando el resto de la economía y sus efectos futuros. Se menciona el libro de Henry Hazlitt, que distingue entre economistas que ven el presente y los que consideran el futuro y todos los mercados. Finalmente, se concluye que el análisis tradicional del monopolio forma parte de un enfoque económico deficiente."", ""El texto analiza cómo las ganancias influyen en el crecimiento económico y señala que los beneficios son clave para el equilibrio. Explica que el análisis matemático del óptimo de Pareto y las no convexidades en la producción revelan problemas al considerar rendimientos crecientes, ya que generan funciones convexas que dificultan la maximización. Además, critica la simplificación de modelos que ignoran la naturaleza humana de las empresas y el costo de oportunidad del tiempo libre."", ""El texto critica la visión neoclásica que trata a las empresas como máquinas, ignorando su dependencia de los seres humanos. Se defiende que los monopolios no reducen la producción, ya que sus ganancias pueden reconvertirse en consumo e inversión, generando empleo y crecimiento en otros sectores. Además, se argumenta que la reinversión de beneficios incrementa la productividad, salarios y bienestar económico."", ""El texto critica las intervenciones socialistas, argumentando que regulan monopolios y aplican ideales neoclásicos, lo que elimina incentivos para el crecimiento y genera estancamiento. Muestra que si un empresario oculta dinero, reduce la oferta monetaria, baja precios y beneficia a los más pobres, pero concluye que tales intervenciones aumentan el Estado y dañan a la población."", ""El texto argumenta que regular los beneficios y ganancias frena el proceso de destrucción creativa de Schumpeter, generando estancamiento al impedir la innovación y el progreso tecnológico. El ejemplo de Argentina ilustra cómo la excesiva regulación de precios y cantidades ha llevado a un declive económico, con altos niveles de pobreza y desigualdad. La crítica se centra en el impacto negativo de las limitaciones estatales sobre el derecho de propiedad y el crecimiento."", ""El gobierno identificó 380 mil regulaciones que perjudican la economía y propuso reformas para aumentar la libertad, competitividad y eliminar la corrupción, enfrentando resistencias de políticos, empresarios, medios, sindicalistas y profesionales vinculados a la \""casta corrupta\"". A pesar de ello, se mantiene la determinación de luchar por revitalizar Argentina."", ""El texto critica la justicia social como un sistema violento e injusto que implica redistribución forzada, comparando el capitalismo como individualista con el socialismo, y señala que la democracia ilimitada favorece el populismo, ilustrado con el ejemplo de cuatro lobos que votan para comerse a una gallina. Se menciona la crítica de Hayek a la distorsión de términos y la postura de Jesús Huerta de Soto sobre la incoherencia de la justicia social."", ""La economía tiene un segmento que genera riqueza, pero el 80% de la población gana menos que el promedio, lo que impulsa políticas populistas que redistribuyen recursos de los ricos a los pobres, generando destrucción económica. En Argentina, un país productor de alimentos para 400 millones, el 70% de impuestos sobre el sector agrícola priva a 280 millones de personas de su producción, mientras 5 millones de ciudadanos no tienen acceso a alimentos."", ""Los socialistas discuten la distribución del ingreso, argumentando que el sistema capitalista es injusto, pero Israel Kirzner defiende su eficiencia y justicia basada en el principio de Locke (apropiación de lo descubierto) y el mercado como proceso de creación de valor. Según Kirzner, el capitalismo no solo es más productivo, sino que también garantiza una distribución justa al atribuir los beneficios a quienes generan valor. La regulación excesiva de monopolios y la justicia social, sin embargo, podrían llevar al estancamiento económico."", ""El estancamiento económico derivado del crecimiento poblacional se aborda con una \""agenda asesina\"" del aborto, cuyos orígenes se remontan a prácticas históricas como la exterminación de judíos por los egipcios, las teorías de Malthus y las predicciones del Club de Roma sobre el agotamiento de recursos. Aunque se anticipaba una caída demográfica drástica para 2000, la población actual supera los 8 mil millones, demostrando el fracaso de esas proyecciones."", ""El texto critica el postmarxismo por trasladar su enfoque de lucha de clases a temas como el ecologismo, acusando a los humanos del calentamiento global y proponiendo soluciones extremas como la exterminación. También menciona a Julian Simon, quien argumentaba que el crecimiento poblacional impulsa el progreso tecnológico tanto por demanda como por oferta, usando ejemplos como la mayor probabilidad de talentos como Mozart en poblaciones más grandes."", ""El mensaje advierte contra el socialismo, la regulación y la idea de fallos del mercado, destacando el declive de un país que adoptó esas ideas. Se insta a luchar por la libertad, usando la metáfora de despertar \""leones\"" en lugar de \""ovejas\"", y se celebra el impacto del mensaje de libertad en Argentina y el mundo. Se concluye con un llamado a no ceder en la defensa de la libertad.""]",,Discurso político,"El discurso es producido por un actor político, el Presidente de la Nación, Javier Milei, y se dirige a una audiencia en una conferencia política, lo que lo clasifica como discurso político.","Washington, Estados Unidos",no identificado,Estados Unidos,"El discurso menciona 'en Washington, Estados Unidos', lo que indica que se emitió en Washington, D.C., la capital de los Estados Unidos.",,Javier Milei,"Identificado explícitamente en el encabezado como 'Presidente de la Nación, Javier Milei' y mediante el uso de la primera persona singular ('Yo soy el león', 'haré foco').","[{""actor"": ""asistentes a la CPAC / conservadores"", ""tipo"": ""prodestinatario"", ""justificacion"": ""Se dirige a ellos mediante el vocativo 'Hola a todos' y hace referencia a la invitación recibida por la organización.""}, {""actor"": ""estatistas y socialistas"", ""tipo"": ""contradestinatario"", ""justificacion"": ""Son señalados como los responsables de 'arruinar nuestras vidas' y el avance de ideas que ponen en peligro a Occidente.""}, {""actor"": ""la comunidad internacional / audiencia global"", ""tipo"": ""paradestinatario"", ""justificacion"": ""Al hacer referencia a su impacto previo en Davos y hablar de 'Occidente' en general, el discurso busca proyectar una postura técnica y política hacia un público más amplio que el presencial.""}]","[{""actor"": ""los asistentes a la Conferencia Política de Acción Conservadora (CPAC) en Washington"", ""justificacion"": ""El texto comienza con un saludo directo ('Hola a todos') y menciona explícitamente que se encuentra en dicha conferencia ('esta invitación', 'esta hermosa conferencia').""}]","[{""nombre"": ""el gobierno de Javier Milei"", ""clase"": ""institucional"", ""justificacion"": ""El enunciador se identifica como el mandatario máximo de un país.""}, {""nombre"": ""los libertarios"", ""clase"": ""ideológico"", ""justificacion"": ""El uso de consignas como 'Viva la libertad, carajo' y la defensa del mercado libre contra el 'socialismo' y el 'estatismo' lo posicionan en un colectivo de valores compartidos.""}, {""nombre"": ""los argentinos"", ""clase"": ""institucional"", ""justificacion"": """"}]",,2026-06-24 08:56:08,2026-07-07 15:55:01.323938+00:00
