codigo,url,titulo,fecha,contenido,fuente,scrape_mode
casarosada_51235-discurso-del-presidente-javier-milei-en-el-cierre-de-la-expo-efi-2026-en-el-centro-de-convenciones-de-la-ciudad-de-buenos-aires,https://www.casarosada.gob.ar/informacion/discursos/51235-discurso-del-presidente-javier-milei-en-el-cierre-de-la-expo-efi-2026-en-el-centro-de-convenciones-de-la-ciudad-de-buenos-aires,Sin título,2026-04-29,"Discurso del Presidente Javier Milei en el Cierre de la Expo EFI 2026 en el Centro de Convenciones de la Ciudad de Buenos Aires.

Javier Milei: Buenas tardes. Bueno, en primer lugar, deseo dar las gracias a los organizadores de este evento por haberme invitado nuevamente y por el honor de tener la posibilidad de cerrar este magnífico evento. Tengo claro de los inicios, el trabajo inicial fenomenal de Esteban. Así es que felicitarlos porque es un lugar donde los economistas nos sentimos a gusto. Así es que gracias por semejante tarea y todo tu equipo y toda tu gente.

Es decir, todavía me acuerdo de mi otra vida. Básicamente, cuando me llamó Esteban y me contó lo que quería tratar en este congreso, la verdad es que me pareció súper atractivo y dije: no me lo pierdo. Y efectivamente me pareció muy muy interesante describir lo que es la economía en transición, la estabilización, reformas y crecimiento.

Yo para no hacer la charla tediosamente larga voy a hacer referencias a otras dos charlas que hoy día esta semana, las tres charlas tienen un sentido y son parte de un paquete por decirlo de alguna manera y es en la charla del día lunes en la Fundación Libertad la idea fue explicar que el liberalismo funciona y básicamente lo que hicimos fue poner los resultados en una perspectiva histórica, es decir, eso hace que uno tema y conciencia de lo que está ocurriendo y que hay una frase que a mí me gusta mucho que suele usar el mejor Ministro de Economía de la historia, Toto Caputo, cuando le dicen bueno esto yo ya lo vi, no, vos no lo viste nunca, esto no pasó nunca en 123 años salvo que tengas más de 120 y pico de años, seguramente no lo viste.

Entonces esa charla lo que hacía era poner los logros de esta gestión, pero con una perspectiva histórica. Es decir, los gráficos eran más amplios y eso permite ver los logros tremendos que estamos teniendo. Y también poner en evidencia que nunca en la historia argentina hubo tanta discrepancia entre los datos reales y las barbaridades que dicen los medios de comunicación. Yo no lo vi nunca en mi vida. Entiendo que no me quieran, pero lo cual, casi que hasta podría compartirlo si no me quieren. Pero a lo que voy es, por lo menos primero los datos, sería más sano poder discutir con los datos sobre la mesa y no tener que estar soportando todo el tiempo mentiras, calumnias, injurias y demás.

Lo importante de esa presentación es que quedaron en claro los logros y puestos en perspectiva histórica uno se da cuenta del tamaño de los logros, motivo por el cual recibimos reconocimiento internacionalmente pero como dicen la frase “nadie es profeta en su tierra” así es que tampoco nos preocupa mucho, lo que nos importa es el legado histórico La charla del día de ayer en el Palacio Libertad, la característica fue - si bien tenía un formato académico y estudiamos y discutimos sobre un tema de índole académico -, lo que hicimos fue hablar de probablemente uno de los autores más importantes en economía que es Keynes. Pero no es que solo hablamos de Keynes, en realidad hablamos de una obra particular de Keynes, que es “La teoría general de la ocupación, el interés y el dinero”. Esto no es trivial, Keynes es un autor muy complejo, sus obras completas tienen 30 tomos. Yo confieso: yo no leí los 30 tomos, leí muchos de los libros de Keynes, pero no leí los 30 tomos. Lo que sí estudié de manera intensa la teoría general. La sensación que tengo es que muchas veces se habla de Keynes haciendo referencia a la Teoría General que desde mi punto de vista es un libro literalmente siniestro, entonces básicamente es mala teoría económica y además no solo eso sino que el remate, el capítulo 24 de la Teoría General básicamente lo que está proponiendo como sistema es el sistema económico de los nazis y el sistema económico de los fascistas y además eso también se enmarcaba dentro de un debate que era el debate sobre el socialismo que se llama la controversia sobre el socialismo y es una posición complementaria la que de la que tenía Oskar Lange que decía que el socialismo tenía que tener todo el control de los medios de producción y que básicamente los consumidores determinaran sus gastos como le diera la gana y eso digamos les hacía evitar el problema del cálculo económico y la visión complementaria que es la que propone Keynes, que era básicamente lo que hacían los nazis y lo que hacían los fascistas, en realidad controlaban todo desde el lado de la demanda y los medios de producción se los dejaban al sector privado pero eran meros gerentes porque le decían que producir, cómo producir y cuánto, por lo tanto eran todas variantes de ese debate y que por lo tanto esos que vienen y hablan y proponen volver a Keynes sobre Keynes, hagamos Keynes y no sé qué Keynes, tengamos claro que es la macroeconomía o la economía de un sistema totalitario.

Tengamos bien claro eso. Pero no es que lo digo yo; lo dice el propio Keynes en el remate de la obra. Así es que uno tiene que tener bastante cuidado, yo me tomo bastante en serio el tema de cuando leo un libro, en especial si es un clásico. Entonces la reflexión de la segunda charla fue: Keynes no. Es decir, nosotros adherimos a otras ideas, nosotros adherimos a las ideas de la libertad.

Que también es bueno tener claro qué decimos cuando hablamos de las ideas de la libertad. Nosotros, de hecho, lo hice en la primer reunión de gabinete, y es poniendo el marco: el liberalismo es el respeto y restricto del proyecto de vida del prójimo, basado en el principio de no agresión y en defensa del derecho a la vida, a la libertad y a la propiedad. Entonces si uno quiere verdaderamente ver cómo funciona esto, porque también me encanta porque encuentro mucha gente hablando del liberalismo y no es liberal, con lo cual difícilmente alguien que entienda de qué van las ideas la libertad tenga otras ideas. Es decir, esto es como yo no veo gente yendo de Miami a Cuba, veo gente yendo de Cuba a Miami, arriesgando la vida. Esto es igual. La realidad es que cuando ustedes empiezan a leer los autores liberales es un camino de ida. Por eso hay tantos socialistas que se vinieron de este lado y ninguno de los nuestros se fue de aquel lado. De hecho, uno de nuestros máximos exponentes, Hayek, era socialista, hasta que estudió con Mises.

Entonces uno cuando toma una acción, dice: bueno, ¿en qué afecta a la vida, en qué afecta a la libertad y en qué afecta la propiedad? Y también hay que tener cuidado con lo que es el principio de no agresión, porque a veces me encuentro: “no, Milei me dijo tal cosa”. Y la pregunta: “¿y vos qué le dijiste antes? Diría como concepto, por lo sensible que se ponen algunos. Aparte si yo les digo cualquier cosa a ustedes, no afecto ni su vida, ni su libertad, ni su propiedad. Y ustedes me pueden decir exactamente lo mismo y también yo les puedo contestar, que es parte de la vida, y no se afecta a ninguno de los derechos naturales. Digo así, no voy a aceptar la psicopateada, ni de los kukas, ni de los mentirosos de los periodistas.

Al margen de eso, esta charla, voy a rematar sobre este último grupo despreciable en un 95% y es que, hablan de mis respuestas y no dicen del montón de mentiras, calumnias, injurias y todo tipo de barbaridades que dijeron de mí, de mi familia, de mis hijitos de cuatro patas, que dicho sea de paso, feliz día del animal, acá hay muchos que son de dos patas, salvo que se crean parte del reino mineral o del reino vegetal, somos todos animales también, así es que, es increíble porque el ser humano es tan arrogante que se cree que está en otra categoría.

Han dicho todo tipos de barbaridades sobre mí, me han acusado de incestuoso, de zoofílico, de pedófilo, de todas cosas, por lo tanto, creo que tengo derecho a defenderme o el principio de no agresión ustedes creen que qué cosa es, es decir, ustedes pueden contestar no es que los periodistas pueden pegar y decir cualquier mentira y ustedes se la tienen que aguantar y eso no afecta la libertad de expresión y si creen que hay una cuestión de asimetría, en qué cosa les ejercí violencia, en ninguna, digo por los llorones estos que están el día llorando y si esa simetría quiere decir que entonces ellos ejercían asimetría directa cuando yo no tenía cargo, así que es que bastante interesante como miramos las ideas de la libertad.

Dicho esto, la charla de hoy, que es el tercer elemento, tiene que ver sobre el crecimiento. Y por eso me gustó tanto el tema de lo que es transición, porque transición también requiere de entender qué entendemos por transición. Porque si no le damos un sentido a la palabra, me parece que no nos vamos a poner de acuerdo qué significa. Y esto también lo aclaro, porque mi sensación es que la gran mayoría de los profesionales argentinos, o sea economistas, suelen ser bastante brutos en términos dinámicos. Por eso quiero perder un tiempo o invertir un tiempo, según como quiera definirlo cada uno, en qué definimos transición.

Si ustedes van a estar hablando de macroeconomía, es decir economías de corto plazo, como puede ser, no sé, cualquier modelo de macro que ustedes hayan visto convencional, de los que se estudian regularmente, ya sea el modelo de oferta y demanda agregada, con su parte del mercado de bienes y dinero conocido como ISLM; si ustedes quieren hablar del modelo de Patinkin, o el que quieran; o el de modigliani, el que ustedes quieran: esos modelos son modelos estáticos y el concepto de la transición tiene que ver con el concepto de estabilidad. Es decir, ustedes tienen un punto de equilibrio y es cómo van hacia ese punto. Es un concepto de estabilidad, es un concepto de si ustedes sacan a la economía de ese punto, cómo vuelve. Por lo tanto, cuando uno habla de transición y está con un modelo macro que es un modelo de corto plazo, tiene que ver con esta cuestión de la coyuntura y la búsqueda de ese equilibrio. Ahora es muy distinto si lo que se discute es una cuestión de largo plazo, y de hecho el título, por eso me resultó tan atractivo, es que tiene que ver con el crecimiento. Entonces estamos discutiendo de largo plazo, es un problema de largo plazo.

Entonces, ¿cómo se define transición? Bueno, depende del tipo de modelo que tengamos en la cabeza. Si yo lo voy a hacer así muy grosero, dos familias de modelos tienen modelos donde el Estado estacionario está fijo, por más que sea un modelo de crecimiento, el Estado estacionario está fijo, ejemplo el modelo de Solow es un modelo que tiene el Estado estacionario fijo ¿por qué? Porque tiende a un stock de capital per cápita y ese stock de capital per cápita determina el producto per cápita, es decir, si toman la economía en el agregado se mueve a la tasa de crecimiento de la población pero al margen de eso, el equilibrio definido en términos de stock de capital per cápita es un número que está fijo, entonces ustedes tienen definida una condición inicial y tienen una condición de Estado estacionario y la transición en este caso vendría a ser lo que se denomina en la teoría del crecimiento convergencia.

Entonces, si la diferencia, por ejemplo, entre Estados Unidos y la Argentina fuera una cuestión del stock de capital per cápita, Argentina parte de un stock de capital per cápita menor y va a converger hacia ese stock de capital per cápita de largo plazo si se dan las características de que el ahorro Per cápita supera la necesidad de inversión que sostiene el stock de capital per cápita que es la suma de la amortización más el crecimiento de la población eso multiplicado por el stock de capital per cápita, entonces en la medida que el ahorro excede a esa necesidad de inversión, crece el stock de capital per cápita y convergen, uno debería estudiar la transición y en ese movimiento digo qué es lo que vendría a ser en ese modelo, pero después la realidad de ese modelo, tipo familia Solow tiene un problema que no lo acompaña a evidencia empírica.

Entonces hay modelos donde no tienen estado estacionario, es decir las economías crecen y crecen indefinidamente en principio. Entonces básicamente ahí ustedes lo que tienen que mirar es la transición dinámica, ahí la transición tiene otro formato, es cómo miran el problema. Entonces no es trivial cómo están pensando el problema del crecimiento. Yo me voy a ocupar de hacerlo explícitamente, cómo nosotros pensamos los problemas de crecimiento. Pero qué tiene que quedar claro es que, si otro economista tiene una visión distinta de cómo construir el estado estacionario, o tiene una visión distinta de mirar la macro, puede ser que todos estemos hablando de cosas totalmente distintas. Entonces, lo único que estoy haciendo es decir qué entiendo yo por transición, después les puede gustar, no les puede gustar, les puede parecer una pelotudez. lo que quieran. Es como nosotros miramos el problema, que es otro problema.

Ahora, es interesante porque nosotros, es cierto, vamos a estar definiendo el tipo de modelo de crecimiento, cómo estamos pensando estos problemas. Pero lo que sí nos tenemos que poner de acuerdo son en las condiciones iniciales. Porque en definitiva, ¿qué es una transición? Es el pasaje desde una situación inicial a otra. Eso es una transición y eso tiene determinados efectos colaterales, que es lo que entiendo que queremos discutir. Pero es muy importante esto: cuáles son las condiciones iniciales. Y eso también me pareció brillante el planteo que me hizo Esteban. Porque nosotros teníamos un problema de condiciones iniciales y Argentina requería claramente de un programa de estabilización. Por eso me pareció muy bien que la primer palabra fuera estabilización. Claramente la economía argentina tenía un problema grande, la economía argentina no crece - no crecía -, desde el año 2011 en adelante; el PBI per cápita en ese trayecto cayó 13%, o 15, no me recuerdo bien el número exacto. Además, nosotros cuando llegamos la tasa inflación viajaba al 1.5 por ciento diario; teníamos cuatro bases monetarias venciendo a un día; teníamos deuda en pesos por 10 bases monetarias venciendo en 30 días; teníamos el acuerdo del Fondo caído; teníamos reservas internacionales netas negativas por 12.000 millones de dólares; cuando teníamos controles de precios, controles de capitales, brecha del 200%; as tarifas solamente representaban el 20% del costo. Claramente esa economía tenía un desequilibrio enorme. Además, empezaban a entrar los rezagos de haber emitido 28 puntos del PBI, 13 en el último año; control de capitales; un Sobrante monetario que era el doble del que había previo al Rodrigazo. Claramente era una economía a punto de explotar. Cuando de hecho sinceramos la pobreza, saltó en la frecuencia mensual a 57%; además había 70% de los chicos eran pobres. Y no solo eso, sino que además habíamos llegado a la locura total que el 30% de los trabajadores formales eran pobres. Y que, si esa bomba explotaba, claramente eso nos llevaba a ser Cuba con una etapa intermedia en Venezuela. Eso era lo que había. Claramente nosotros lo primero que tuvimos que hacer es estabilizar la economía.

No voy a estar haciendo todo el racconto, porque eso lo hice el día lunes, pero esa inflación que por ejemplo digamos el uno y medio diario más toda esta explosión de problemas monetarios nos hubiera llevado inflaciones del 15 mil o 17 mil por ciento, cuando hacen los cómputos monetarios, hoy es o 31 o 33. No quieren comprar el contrafáctico, no lo compren, la tasa de inflación que entregó el gobierno anterior fue 211 y con la trayectoria que llevaba digamos se va a tocar 300. Entonces, la clave fue cortar con la emisión monetaria que fue un ajuste fiscal de 5 puntos en el tesoro y 10 en el Banco Central y además hicimos todo esto respetando los contratos, por ejemplo ni se defaulteo ni se hizo un Plan Bonex ni se hizo un reperfilamiento ni nada, se honraron las deudas, se respetó el derecho de propiedad a rajatabla porque eso hubiera sido mucho más fácil para desestabilizar, si ustedes revientan a los tenedores de activos hubiera sido mucho más fácil, nosotros decidimos un camino más largo pero respetando el derecho de propiedad.

Además, lo hicimos sin subir impuestos lo hicimos bajando impuesto porque además bajamos, somos el único gobierno que bajó dos puntos y medio del PBI en impuestos, entre impuestos que eliminamos o qué bajamos eliminamos más y bajamos 20 impuestos, es decir, eso no lo vieron nunca tampoco pero al margen de eso qué es lo importante para el crecimiento, lo primero es haber evitado la hiperinflación haber, digamos, haber comenzado un descenso sostenido de la inflación pese digamos al ataque especulativo que sufrimos en la segunda parte del año pasado y eso por qué es importante, porque en realidad la inflación es al sistema de precios lo mismo que el ruido de la comunicación si yo en este momento cuando estoy hablando, no sé, a partir de ahí se acaba del escenario para allá aparece una montaña de ruido, una pared de ruido, bueno, yo puedo ser muy bueno explicando y ustedes no me van a entender básicamente porque está el ruido en el medio, consecuentemente eso es la inflación, distorsiona al funcionamiento del sistema de precios y no permite hacer una buena asignación de recursos, con lo cual, es fundamental bajar la inflación para que funcione mejor el sistema de precios y entonces se produce una mejora en la asignación de recursos. Ahora se toman decisiones que tienen más sentido, pero también con la inflación hay una cuestión moral, que es un robo y por ende hay que exterminarla, porque está mal, porque es un robo.

La segunda cuestión no menor es el tema de haber achicado el déficit fiscal. De hecho, lo eliminamos en el primer mes, a los 6 meses terminamos con el cuasi fiscal, y esto es importante en dos líneas, porque esto significa que aumentó el ahorro de la economía desde el lado del sector público. Y las consecuencias son dos: una es que todos esos fondos que el estado tomaba y que estaba haciendo crowding out, respecto al sector privado, eso permite que el crédito al sector privado no financiero, de ser 3, 4 puntos del PBI hoy sea 12. Sigue siendo un número raquítico, sin lugar a duda, pero antes no había ni eso. De vuelta, nadie acá está diciendo que estamos en Suiza. O sea, nosotros en realidad queremos ser mejores que Suiza, pero tengamos en cuenta de dónde venimos. Con lo cual, ese ahorro ahora que va a financiar el sector privado, puede financiar consumo o puede financiar inversión.

Ese es uno de los efectos y eso claramente, si impacta en la inversión, claramente eso es lo que va a hacer es generar crecimiento. Lo otro que puede hacer y que efectivamente hace, la verdad es que cuando nosotros ganamos la elección el riesgo país estaba en torno a los 3000 puntos básicos. Hoy está en 550. Eso hace que el costo de oportunidad del capital baje; si el costo de oportunidad de capital baja, la posibilidad de crear valor aumenta, porque básicamente crear valor depende esencialmente del retorno real respecto del costo de oportunidad. Entonces si yo estoy bajando el costo de oportunidad, porque estoy bajando el riesgo país, consecuentemente la tasa de interés es más baja, por ende la posibilidad de crear valor es más alta. Es más, en una economía que se ha consumido el capital durante 20 años de manera grosera, lo que vendría a ser el valor del producto marginal de capital, si lo quieren poner en términos financieros, el ROIC; y si quieren ir a versiones más antiguas, el ROA (Saben que el ROA no es tan preciso como el ROIC, que es mejor medida). Es decir, cuando ustedes miran el EVA, en el fondo el key value driver del EVA, es el diferencial entre el ROIC y el WACC. Y eso es lo que, multiplicado por los activos o por sobre el capital invertido, le va a dar lo que están creando de valor. Por lo tanto, haber bajado el riesgo país, significa que se está bajando el WACC de la economía y consecuentemente eso abre la posibilidad de hacer proyectos de inversión. Obviamente que aquellos que entren primero van a capturar retornos más altos, obvio, si es una economía que se comió el capital.

Pero no solo, eso sino que además esta situación hizo que si miramos el pbi medido por el EMAE desestacionalizado, desde que nosotros llegamos está 8% arriba y cuando corrija lo que pasó en febrero que tiene que ver con que hubo una pérdida de días hábiles de tres días, vamos a volver a los máximos históricos, consecuentemente desde que este gobierno llegó haciendo el ajuste más grande de la historia de la humanidad porque metimos 15 puntos de ajuste eso implicó devolverle a los argentinos 100 mil millones de dólares por eso también es cierto digamos que la pobreza cayó el 28% y sacamos 14 millones de personas en la pobreza, el ajuste no es recesivo ni genera pobres si el ajuste recae en quién tiene que recaer que es en el sector público, hoy el tamaño del sector público en términos de PBI es uno de los más bajos, por lo menos de este siglo porque está en 15% y si corregían el desastre previsional que causó la presidiaria, seguramente estaríamos para competir con niveles mucho más bajos a niveles históricos, es decir, le devolvimos a los argentinos 100. 000 millones de dólares.

Y obviamente eso también se ve en empleos. Yo sé que a los periodistas le debe doler tener que admitir que estuvieron mintiendo todo este tiempo. La presentación del lunes debería despertarlos: o comen relatos o directamente son unos corruptos. El empleo también subió, puede ser que no les guste el tipo de empleo, cayeron digamos los registrados y subieron muy fuertemente los independientes. Bueno, para algo mandamos la ley de modernización laboral; que dicho sea de paso durante el regreso de la Democracia nadie pudo sacar una modernización laboral y lo hicimos nosotros.

No solo que sacamos modernización laboral, sacamos déficit cero, sacamos también inocencia fiscal. Argentina, ustedes eran culpables frente al fisco hasta que demostraron lo contrario; yo no sé si toman idea de que hoy son inocentes hasta que se pueda probar lo contrario, volvieron a ser libres. Es un shock de libertad impresionante. Pero no solo eso, sacamos también la baja de la edad de imputabilidad, sacamos también la ley de glaciares, firmamos el acuerdo con la Unión Europea. ¡Ey, vamos! Menos mal que nos falta gestión; si tuviéramos más gestión y tuviéramos más legisladores, les puedo asegurar que voy a convertir a la Argentina sin lugar a dudas en el país más libre del mundo.

Pero con lo cual, ahí tenemos los efectos asociados, los efectos positivos a la estabilización, bajar la inflación que le quita distorsiona el sistema de precios y asigna mejor la economía Un aumento del ahorro que genera más consumo y más inversión por parte del sector privado, una caída del riesgo país que hace más factible que haya inversiones si en esos son los efectos de la estabilización es decir la estabilización es un elemento crucial para poder empezar a crecer entonces acabamos de definir las condiciones iniciales. Bueno, ahora tenemos que ver a dónde queremos ir entonces también tenemos que pensar en qué familia de modelos vamos a estar mirando, recuerden que yo les dije que había dos familias de modelo había familias, una familia que tenía un Estado estacionario en términos de PBI per cápita y en términos de stock de capital per cápita y había otros que no.

Entonces les mencioné que el modelo estándar, el modelo de crecimiento estándar que es el modelo Solow--Swan, básicamente ese modelo tiene algunas cosas interesantes y tiene otras cosas que no. Pero la parte más triste y fea del modelo de Solow, si bien tiene algo muy lindo que es la descripción de la convergencia, aunque no especifica cómo es la cuestión de la convergencia, porque básicamente… Pero la historia ustedes la pueden llenar. Cómo es que de repente, no sé, tenían un stock de capital per cápita muy bajo, y ustedes entonces hablan de retornos, de costo de oportunidad y entonces llegan. Es un poquito más complejo, créanme que es un poquito más complejo. Pero pueden tener una explicación. Hay una explicación que a mí me gusta mucho que es la hipótesis de Hayek sobre el mercado, que es un proceso de descubrimiento, y la diferencia entre un país que ya está desarrollado frente a uno que está en camino a hacerlo, es que básicamente descubrieron muchísimos más productos y tienen más productos. De hecho, la característica si ustedes miran la economía americana tienen muchísimo más productos que nosotros. Esto es una cosa muy interesante, porque ya las descubrieron; lo único que nosotros tenemos que hacer es saber copiar. Entonces si copiamos seguramente vamos a poder viajar mucho más rápido y llegar más rápido que lo que tardó Estados Unidos en ser Estados Unidos. Por lo cual eso podría justificar la convergencia.

El problema con el modelo de Solow es que, así como lo desarrolló en el año 56, en paralelo con Trevor Swan, es que al año siguiente Solow lo testeó, en el año 57. El problema es que cuando testeó el modelo, el modelo solamente explicó el 15% del crecimiento. Entonces toda la discusión del crecimiento fue explicar el residuo; pero sucede que el residuo era más grande que la explicación en sí misma. Con lo cual el modelo, por decirlo de alguna manera, es muy lindo, es muy estético, pero no explica, o sea si explica solamente el 15%.

A eso la respuesta vino desde el lado de la Universidad de Chicago. Ahí en ese caso, básicamente Stigler le dijo: el problema es que vos no estás contemplando el capital humano. Y de ahí salieron dos líneas de investigación: la línea de investigación micro, que es toda la teoría del capital humano de Gary Becker; y la otra línea de investigación que era la línea de investigación macro, que tenía que ver con el crecimiento, con Hirofumi Uzawa, que dicho sea de paso Hirofumi Uzawa fue el tutor de tesis del que probablemente fue uno de los economistas más grandes de la historia argentina que fue Miguel Sidrauski.

Entonces, básicamente lo que hizo Uzawa fue considerar el capital humano y entonces ahora el trabajo, ustedes tenían capital y trabajo y el problema es que se les limitaba el crecimiento, básicamente por el crecimiento de la población. Entonces cuando ustedes meten el capital humano saltean ese problema del límite de tomar una población que crece una tasa constante n; y consecuentemente entonces ahora la función de producción neoclásica, que tiene rendimientos constantes a escala, deja de ser un problema y pueden explicar el crecimiento.

Igual nadie le dio pelota esa hipótesis, se trabajó más con el progreso tecnológico. La realidad es que era a dedo, con lo cual esa literatura con el correr del tiempo fue desapareciendo. Y reapareció esa literatura con alguien que hoy es Premio Nobel de Economía con Paul Romer, que es tutoreado por Robert Lucas Junior, también Premio Nobel de Economía, y creó la teoría del crecimiento endógeno. Empezó todo un debate a partir del año 83; a partir del año 85 se hizo conocido con las lecturas Leonel Robbins, donde básicamente Robert Lucas Junior explica los modelos de crecimiento endógeno y habla del capital humano. Y arranca toda una discusión que termina en el año 89 con un trabajo de Mankiw, David Romer (no Paul Romer) y David Weil, dónde hacen un testeo empírico del modelo con capital humano y explican el 85%. Es decir que 70 puntos porcentuales del crecimiento son explicados por el capital humano y dijeron: basta se terminó el debate, es capital humano.

La realidad es que es un poquito más complejo porque, se los hago al revés: Argentina a inicios del siglo XX era una de las sociedades con mayor formación del planeta. Entonces cómo explicamos esta decadencia. Con lo cual no es solamente capital humano, tiene que ver con las instituciones, tiene que ver cómo generar crecimiento. Y ahí lo que voy a hacer hoy es trabajar sobre lo que es el progreso tecnológico y las ideas de Schumpeter, que dicho sea de paso tiene que ver con los que ganaron el premio Nobel este año, con Philippe Aghion y Peter Howitt, que básicamente son los que en todo el debate de crecimiento endógeno pusieron en una tecnología matemática interesante, con optimización dinámica derivaron los modelos de destrucción creadora. Es muy interesante entender que es la destrucción creadora, porque eso también es importante para entender qué es la transición. Tenemos que entender que, si queremos progresar, la transición y es progreso tecnológico, eso genera destrucción creadora. Entendamos, porque si no estamos hablando de cualquier cosa.

Ahora, si nosotros nos focalizamos en explicar el problema en los rendimientos crecientes, es decir qué es el rendimiento creciente: cuando ustedes ponen un insumo y crece más que proporcionalmente. Y lo voy a poner brutalmente: desde el año 1800 hasta hoy la población en el mundo se multiplicó por 10 y el PBI per cápita por 15. Es decir, el producto subió 150 veces, creció más que proporcionalmente que la población, y por ende por eso sube el producto per cápita. Es decir que existen rendimientos crecientes, en la teoría del crecimiento eso se llama palo de hockey. Entonces, si queremos entender lo que sucede tenemos que ver qué hay detrás del palo de hockey. Bueno el primer problema es que la teoría neoclásica, tal como está diseñada, con los rendimientos constantes a escala, no sirve, no explica el problema, tenemos un aparato metodológico para explicar el crecimiento que no funciona. A eso le dediqué un libro que se llama “Capitalismo, socialismo y la trampa neoclásica”.

Ahora qué es lo interesante de todo esto es que esto ya lo había descubierto Adam Smith cuando publicó la investigación sobre la naturaleza y la causa de la riqueza de las Naciones, él ya lo había descubierto que era la idea de la fábrica de alfileres y cómo la división del trabajo llevaba básicamente a un aumento más que proporcional de la productividad. Y no solo eso, también había hecho la descripción de cómo era esta transición: explicaba que había un learning by doing, es decir en la medida que la gente hacía más esa tarea aprendía a hacerla mejor, ya había metido el learning by doing. Entonces ustedes estaban en determinado punto y empezaban a tener un crecimiento de la productividad porque lo aprendían a hacer mejor hasta que en un momento apareció un salto discreto, ese salto discreto que se llama progreso tecnológico y es que con el mismo trabajo pueden producir más o pueden producir lo mismo con menos trabajo. Consecuentemente tienen un salto, el tipo las había visto todas o sea la tenía súper clara. Y esto no es menor porque para la teoría neoclásica los rendimientos crecientes son un indicador de estructuras concentradas y lo que quieren hacer es salir y regular todo. El mejor ejemplo es Europa, está tan hiperregulada que no crece. Te estoy generando más problemas Pablo, no me alcanzó con la de ayer que hoy sigo.

El segundo es que también es muy importante que lo plantea Adam Smith dice el límite de la división de trabajo está dado por el tamaño del mercado, por lo tanto, si yo abro la economía el tamaño del mercado y estoy mirando 48 millones de seres humanos paso a mirar 8.250 millones de seres humanos. Es decir, eso lo que hace es potenciar la división del trabajo digamos, pero qué quiere decir división del trabajo, si vamos a dividir el trabajo entre más gente quiere decir que nos vamos a especializar en menos cosas ¿Está claro? El que mejor lo explica es el profe De Pablo, dice: cuando va una persona, se gradúa de médico y va a vivir en una ciudad chiquita del interior y va a ser un generalista, no se va a dedicar a una especialización muy particular ¿por qué? porque no tiene mercado, entonces necesito un mercado, la especialización está asociada con un mercado más grande. La especialización quiere decir que no vamos a hacer de todo, vamos a hacer algunas cosas y vamos a hacer en las que somos mejores y a la que somos malos no vamos a tener chance.

Igual después cuidado con en qué somos malos dos o no somos malos. Porque lo voy a hacer así, directamente poniendo un sector, la discusión en el sector textil: no, bueno, no podemos competir contra China. Sin embargo, Italia tiene salarios más altos que nosotros y sin embargo tiene industria textil. ¿Cómo es eso? Compiten por diseño. Es decir, de vuelta, los autos de Italia son bastante más caros que los autos de Estados Unidos, por ejemplo. Pero cuál es la diferencia: el diseño, ponen el eje en el diseño. Es decir, el diseño es algo que a la gente le gusta. Entonces básicamente no es que no pueden competir; tienen que buscarle la vuelta. Y si van a estar llamando a papá estado cada vez que algo no les gusta, se va a hacer difícil competir.

Por lo tanto, también está incluido el tema de la apertura. Sin lugar a dudas después de lo que conté de la evidencia empírica hay un rol fundamental para el capital humano y obviamente para la libertad económica. Aquellos países que son más libres son 12 veces más ricos que los reprimidos. De hecho, tienen 25 veces menos de pobres en el formato estándar, 50 en el formato extremo, es decir el decil más bajo de la distribución del país libre está mejor que el 90% de la población del país reprimido. Con lo cual digamos abrazar las ideas de la libertad es como que paga. Después hay una discusión moral, además, que me parece a mí la más importante; pero si lo quieren pensar en términos utilitaristas, abracen las ideas de la libertad, porque les va a rendir frutos.

Ahora, qué estamos haciendo entonces para poder crecer. Bueno, el primer punto es el tema de los rendimientos crecientes: nosotros tenemos un ministerio que nunca existió en la Argentina, que es una invención mía, que, con el coloso, con Federico Sturzenegger lo llamamos puertas adentro el Ministerio de los rendimientos crecientes. Pero como tenemos claro que ponerle ese nombre hubiera sido muy nerd, le pusimos Ministerio de Desregulación. Entonces la pregunta es: bueno, ¿qué hicieron? Bueno, hicimos más de 15.000 desregulaciones a lo largo del período que llevamos en el gobierno: somos el gobierno más reformista, no solo de la historia argentina, de la historia de la humanidad. Nunca nadie hizo tanto en tan poco tiempo. Sacamos a un ritmo de 17 regulaciones por día; es decir casi que les diría que, si duermen 7 horas, cuando terminemos esta charla, quizás sacamos una o dos regulaciones. ¿Se dan cuenta? Entonces, dónde se ve. Miren se ve muy fácil: Argentina por ejemplo en el último año saltó 40 puestos en término libertad económicas, estábamos en una situación hiper reprimida, que estábamos con Venezuela y demás situaciones casi innombrables. Bueno, hoy estamos muchísimo mejor, nunca un país hizo un avance tan grande en tan poco tiempo, salvo aquellos países que sufrieron una catástrofe, tipo una guerra o algo y tuvieron que reestructurarse totalmente y eso le permitió pegar un salto de esas magnitudes. Es decir, si ustedes miran la experiencia de bajar 30 puntos el gasto público, hay cinco experiencias en la historia, pero cuatro tienen que ver con salida de la guerra o sea los únicos que lo hicimos sin salir de una guerra fuimos nosotros. Imagínense si además le sumamos el ajuste del Banco Central, la monstruosidad que hicimos. Y a diferencia de todo lo que decían que iba a salir mal, que nos íbamos a hundir en la gran depresión, no, la economía creció casi 10%, cuando una economía que venía creciendo a lo largo del último siglo 1 por ciento por año, nosotros crecimos diez en dos. Sacamos a millones de personas de la pobreza, digo porque parece que el manual a unos cuantos se les quemó y no quieren ver, a veces entiendo que es difícil tomar la pérdida de capital.

Miren yo le voy a contar una experiencia personal: en el año 2014 si no me equivoco, me compré un libro, no, el libro me lo compré después, me dieron, yo estaba con este tema los rendimientos crecientes, estaba totalmente atacado porque la pregunta era cómo puede ser que si el mundo, en los últimos 250 años sacó 90% de la población de la pobreza, si lo tomo con un dólar diario, después esa medida se ajustó para que se pudiera decir otra cosa, pero cómo puede ser y si la contracara el palo de hockey es un monopolio y los monopolios o las estructuras concentrada para los neoclásicos son malos, digo, algo tiene que estar mal, no puede ser que esto que generó que tantas millones de seres humanos hayan mejorado su condición de vida, cómo puede ser que para la teoría económica eso sea malo.

Y ahí me leí un artículo de Murray Newton Rothbard que se llama “Monopolio y competencia”, y la realidad es que después de 3 horas de leer ese artículo de 140 hojas, que es una belleza, dije: todo lo que estuve enseñando durante 20 y pico de años de estructura de mercado está mal. Qué sé yo, tomé la pérdida de capital, a mí no me hizo problema, yo mi compromiso es con la verdad, no con que estudié y tengo que defenderlo, porque no sé qué cosa. De hecho, miren, yo les voy a decir desde mi punto de vista cuál es la máxima virtud que tiene Toto como Ministro de Economía, yo lo he hablado con él. Primero tengamos en cuenta que el quilombo que teníamos, dos tercios era financiero, con lo cual necesitás alguien que entendiera mucho de finanzas. Pero lo más maravilloso que tiene Toto como Ministro de Economía es su experiencia manejando mesas de trading. No se puede enamorar de ninguna teoría estúpida de ningún analista, porque si perdía plata lo volaban por los aires. Por eso trabajó en las mejores instituciones del mundo, trabajó en JP Morgan, trabajó el Deutsche Bank y trabajó para Black Rock. O sea, el tipo es un gigante y sabe tomar decisiones y no se enamora de ninguna pelotudez. Si funciona bien y si no funciona, tiro en la cabeza, lo ejecuta. O sea, el tipo no se equivoca, eso es brillante. Nosotros no tenemos tiempo ni margen para equivocarnos, hay 48 millones de personas del otro lado. Acá no me importa un problema de derivada 25; funciona o no funciona, si no funciona se tira y vamos por donde funciona. A los argentinos de bien no les importa el signo de la derivada, por decirlo de alguna manera ex ante. Con lo que quiero decir esto, que nosotros no nos vamos a enamorar de ningún modelo; nosotros estamos enamorados de los datos y de hacer las cosas bien.

Y eso es un tema determinante, por lo tanto, estamos trabajando en liberar rendimientos crecientes, cada vez que Federico saca una regulación libera rendimientos crecientes y genera crecimiento. La segunda parte que no es menor es lo que tiene que ver con la apertura comercial, no solo el acuerdo con la Unión Europea, los que estamos avanzando con Estados Unidos, con EFTA y todas las cosas con las cuales Pablo anda dando vuelta por todo el mundo, tratando de abrir mercados. Fíjense nuestro concepto de embajada que tenemos: la Embajada de Estados Unidos la maneja un empresario exitoso, por ejemplo; la embajada de España la maneja un empresario exitoso. Ese es el concepto, es decir tipos generando negocios. Estamos todo el tiempo pensando a ver qué negocio podemos traer a la Argentina. Entonces no es una apertura para para hacer discursos pelotudos en foros onanistas que no arreglan nada. No, nosotros nos pusieron acá para arreglar problema, ¿a qué nos dedicamos? A arreglar problemas. La apertura genera crecimiento, vamos a abrir. Argentina es el país, dado su ingreso, el país más cerrado del mundo. Argentina tendría que tener una apertura comercial de 93% el coeficiente de apertura. Es 30. Muchachos, ¿de qué apertura indiscriminada estamos hablando? Esto es una fortaleza, que no puede pasar nadie. Bueno, eso no puede ser, porque eso lo pagan los argentinos con una menor calidad de vida.

El otro elemento es lo que estamos haciendo en materia de política fiscal, nosotros bajamos impuestos. Y si nosotros seguimos haciendo las cosas como la estamos haciendo y los argentinos decidieran el año que viene renovarnos el contrato, bueno, en este gobierno estaríamos devolviéndole a los argentinos de bien 500 mil millones de dólares, lo mismo que recibimos como deuda del gobierno anterior.

Pero no solo eso. Otra de las cosas que hicimos es el RIGI, porque en el fondo es un sistema de incentivos fiscales el RIGI. ¿Qué dijeron? Que no iba a funcionar. Ya estamos en 100 mil millones de dólares de RIGI. Es decir, no solo que le devolvemos a los argentinos de bien 100.000 millones de dólares, sino que además estamos metiendo, conseguimos de inversiones 100.000 millones de dólares. Si además sumamos que vamos a exportar este año 100 mil millones de dólares, bueno el triple 100.000 millones de dólares. Esta economía, yo se los dije cuando pasó abril del 24: va a subir como pedo de buzo y está subiendo como pedo de buzo y así vos nos vamos a convertir en una potencia.

Si dijimos que tenía tanto peso empírico, digamos que estamos haciendo en Capital Humano, bueno en principio la otra gran invención de este gobierno fue el Ministerio de Capital Humano, es decir, dejamos de tener Desarrollo Social y no sé qué otros nombres patéticos tenían antes. Se podría llamar también el Ministerio Gary Becker, pero se llama Capital Humano, nos pareció que era un poquito fuerte ponerle ministerio Gary Becker. Ahora, qué es lo importante, es el cambio de concepto: antes la asistencia a los sectores más vulnerables era regalarle el pescado o sea que en el fondo era la esclavitud, no se olviden la frase de Friedman que decía “no existe tal cosa como un almuerzo gratis” es decir, es el pescado gratis. El pescado gratis, o sea, para que quienes quieran saber el origen tiene que ver con la salida del pueblo hebreo de Egipto o sea el pescado gratis era en Egipto, eran a cambio, del pescado gratis, eran esclavos. A mí a veces me sorprende la pasión que tienen algunos por ser esclavos. Bueno, nosotros decidimos cambiar eso, no queremos que los argentinos sean esclavos, queremos argentinos libres. Entonces, cambió la lógica de la política de contención social, hoy lo que les damos son las herramientas para que puedan salir de esa situación de vulnerabilidad, queremos que aprendan a pescar y que si es posible tengan barcos pesqueros, todos lo que quieran, por decirlo de alguna manera. Entonces, eso es lo relevante, no queremos argentinos esclavos, entiendo que a la política le encanta tener esclavos para tener votos cautivos, bueno, yo quiero argentinos libres, quiero que Argentina sea el país más libre del mundo y eso implica también empezar a romper los grilletes de los que eran esclavos de la política. Por eso el Ministerio de Capital Humano se focaliza en niñez y familia ¿por qué? Porque es el momento donde se genera la formación del cerebro, por eso es tan importante la salud. Porque básicamente si las personas o no se desarrollan o no tienen buena salud, no pueden rendir en el colegio. Ni que hablar de todas las mejoras que estamos haciendo a niveles de educación y eso se tenía que complementar con el mercado de trabajo y eso tiene dos aristas, que los chicos que salgan del colegio y puedan encontrar trabajo. Para eso es fundamental que el mercado laboral tenga una estructura más flexible porque si no solamente con la estructura que teníamos, bueno, de hecho, el síntoma del fracaso era que casi el 50% de los argentinos estaban en el mercado informal, es obvio que había fracasado el modelo anterior.

Eso también hace que los que tienen que entrar no entren, por eso el desempleo se concentraba en los más jóvenes y es ahí donde está corrigiendo. Pero no solo eso, hay personas que se han caído el sistema y trabajamos para reincorporarlos. De hecho, recientemente hicimos la inauguración con Sandra de todo lo que son un centro de capacitación y es maravilloso, ¿saben quién lo financian? Las empresas. Lo cual también está acorde a la teoría del capital humano, porque cuando ustedes en una empresa, ¿van a formar a los trabajadores en capital humano general o específico? No, le van a dar formación específica, para que ustedes se la puedan apropiar. ¿Y quiénes están ahí? Están las empresas dándole la formación a la gente, es maravilloso. Y ese modelo es replicable en todas las provincias. Entonces claramente estamos trabajando en eso también. Es decir que toda la que es la maquinaria del crecimiento nosotros la estamos poniendo a funcionar. Estamos comprometidos en hacer grande a la Argentina nuevamente y eso lo vamos a hacer de la mano de las ideas de la libertad.

Definí la situación inicial y definí lo que nos gustaría como sociedad, cómo queremos o pensamos de cómo debería ser el camino a un país próspero. Pero todo pareciera que le estoy escapando al debate de la transición, pero como soy Milei, no le corro el culo a la jeringa y que voy a contestar ahora, sobre transición. Entonces ahora la transición la podemos definir de dos maneras o en dos sentidos: una es una transición con la economía en estado estacionario, es decir una economía que no cambia. Entonces qué pasaría en una economía que no cambia y a qué llamaríamos transición en ese caso. Sería una cuestión de reasignación de recursos, no es ni más ni menos que eso. A ver, nosotros cada vez que estamos desregulando, ¿qué es lo que pasa? Están cambiando los precios relativos. Si ustedes tienen los precios relativos cambiando, ¿qué pretenden, que la asignación de recursos sea la misma? Yo entiendo que muchos no han estudiado equilibrio general, pero es como contraintuitivo de que cambien los precios relativos y que no cambia la asignación de recursos. Me parece que lo normal sería entender que si cambia los precios relativos la asignación de recursos cambie.

¿Qué quiere decir que cambie la asignación de recursos? Que hay sectores que le va a ir mejor y hay otros que les va a ir peor, eso quiere decir. Dicho esto, lo voy a hacer con un shock transitorio. Shock transitorio, la pandemia: la gente está hiper asustada, uno de los mecanismos para combatirla era tener barbijos. Entonces, hay algunos productos que se dejaron de mandar y otros que se pasaron a demandar muchos, que eran los barbijos, es decir que hubo un cambio en la composición de demanda, ¿eso está claro? Ahí no hay crecimiento, nada, porque aparte el mundo quedó como frizado en esa situación. Bueno, pero hubo un cambio en la composición de la demanda. Entonces, si hubo un cambio de la composición de la demanda que llevó a que aumentara la demanda de barbijos y cayó la demanda de otras cosas, lo lógico es que suba el precio de los barbijos y que el de los otros bienes caigan ¿no? Eso genera una señal al sistema que dice que hay que sacar los recursos de donde la gente no está demandando eso y llevarlos al otro sector parece bastante evidente. Bueno, esto no es un tema menor porque no faltó el imbécil que quiso poner “no, pero está subiendo el precio de los barbijos en este momento tan difícil, regulemos el precio de los barbijos”. Al hacer eso qué es lo que hizo, mató a muchísima gente, porque si ustedes dejaban que el precio subiera, la economía hubiera llevado los recursos hacia ahí y hubiera habido muchísimos más barbijos. Si había más barbijos, se moría menos gente. Con lo cual esa estupidez de querer controlar ese precio lo que generó es vidas humanas que se perdieron. En ese caso, es bastante… ponerse de espalda al análisis económico, es caro, casi que no es medible porque no lo es, ni aunque esos hijos de puta terminen presos por un delito de lesa humanidad, porque no le van a devolver el ser querido que perdieron ahí.

Ese es un caso, que eso es transitorio. Otro caso puede ser que también… (Inentendible), pero que sea permanente. Eso se lo puede decir por ejemplo una empresa vinculada al tabaco, vinculada al vino, porque están cambiando los hábitos de las personas. Por eso me gustó tanto un ejemplo que hizo Salvador Distéfano que me pareció brillante: dice bueno, ahora se nos dio a todos por comer huevos, entonces comemos huevos revueltos, comemos huevos de no sé qué cosa, huevos pochés, omelettes, lo que fuera, pero le ponemos huevo a todo. Bueno, salvo un imbécil que hace periodismo, porque no le debe ir bien como psicólogo, dijo “no, bueno, pero los americanos son muy tontos en la forma en que comen”. No es el que están creyendo que yo estoy hablando, no estoy hablando el de la televisión, estoy hablando el de la radio, uno más boludo todavía por decirlo de alguna manera, y mucho más zurdo. Entonces, pero no entiende la naturaleza del ejemplo, esto es lo que lo que Hayek que era genial, dice: si los socialistas supieran de economía no serían socialistas; o como decía Mises, el conocimiento en economía lleva el liberalismo. Por eso es zurdo, porque dice… y además ser zurdo tiene que ver con toda una serie de cuestiones humanas horribles, que implica ser envidioso, resentido, eso es un zurdo, o sea básicamente un tipo resentido.

Entonces, el punto central aquí es lo que decía Salvador: Bueno, ustedes ahora le ponen huevo a todo, la verdad es que no se ve gente que esté combinando huevo con mermelada. Es decir que ese cambio cuando ustedes están haciendo eso, mandaron a la quiebra a los productores de mermelada. Ahora nadie está quejándose por los productores de mermelada. O es como esa persona, dice: no, bueno, qué pobre estos hombres que tienen los locales en tal lado, que no venden nada. Y de repente: Ah, mirá lo que me compré. ¿Dónde lo compraste? Por MercadoLibre, por Temu, por Shein. Digo, esa es la contracara. Es decir, entonces expliquen por qué una persona tendría que estar pagando más caro por algo. Y es falso que se pierden puestos de trabajo. Hay un libro hermoso que se los recomiendo enfáticamente que se llama “La economía en una lección”, de Henry Hazlitt, esto se llama el capítulo La salvación de la industria X. La realidad es que si ustedes van a comprar ahora nuevos bienes más baratos, se les genera un excedente de caja, que ahora lo pueden dedicar a otra cosa. Entonces van a comprar en otro lugar, van a comprar otras cosas y por lo tanto lo que van a tener es una reasignación del factor trabajo.

Es decir, no se pierden puesto de trabajo; podrá haber intensidad relativa, bueno, habrá cambio en los precios relativos. Pero si ustedes, para eso entonces qué necesitan: un mercado laboral flexible, moderno. Bueno si ustedes están todo el tiempo con progreso tecnológico cambiando precios relativos, ustedes necesitan mercados flexibles para que los factores de producción se puedan mover más rápido. Y eso es lo que se necesita: darle más flexibilidad a la economía, eso es lo que va a hacer la gran diferencia. Ese es un punto.

Otro punto que tiene que ver es con los temas de la destrucción creativa. Esto también es un tema no menor. Y es que si ustedes son una empresa competitiva. Estamos pensando en un caso perfectamente competitivo ¿podría haber progreso tecnológico ahí? No, no puede haber progreso tecnológico porque significa que ustedes están sacando recursos de la empresa y lo están poniendo en investigación, desarrollo, desarrollos de nuevas tecnologías. ¿Cuál es el problema? En los términos del producto existente estarían teniendo desperdicio, es decir estarían ganando menos, por lo tanto, tendrían que ir a la quiebra. Solamente ustedes harían todo ese proceso de inversión si a cambio de ellos podrían conseguir una cuasi renta. Si ustedes consiguen una cuasi renta, entonces quiere decir que van a tener un monopolio. Por lo tanto, si ustedes matan los monopolios con las regulaciones, el resultado ¿cuál va a ser? que van a matar el progreso tecnológico, van a matar todo lo que tiene que ver con investigación y desarrollo porque ya no habría incentivos. Un ejemplo claro es Argentina. Argentina reventado, atestado de regulaciones no crecía, obvio. Ahora el proceso de destrucción creativa o destrucción creadora dice que cuando ustedes hicieron un invento y se quedaron con el mercado y desplazaron a otro, hay alguien que está quebrando y se tiene que reconfigurar. Ustedes tienen que saber que el crecimiento, el progreso tecnológico no es una mejora…porque gana uno y pierde otro. El tema es que al final ganan todos. Entonces no me vengan con la estupidez que hacen los kukas psicópatas y los imbéciles de los periodistas, que dicen “no, bueno, pero la economía crece desigual” Sí, boludo, crece desigual. Tenés un progreso tecnológico enorme, tenés un cambio de precio relativo enorme, tenés una liberación enorme, entonces va a haber sectores que se van a expandir y hay sectores que se van a contraer. Ahora, cuando yo miro el índice de difusión es de 75%, Es decir de los 16 sectores crecen 12. Entonces si después vienen y agarran y hacen cherry picking y agarran los cuatro sectores que le van mal, del que le va mal agarran al que le va peor, hacen la falacia del todo por la parte, de tomar el peor de todos y generalizarlo y bueno. El problema ya no es ni la ignorancia ni lo malo que puede ser el que lo comunica, es un problema el que se lo cree.

Entonces, estas cosas uno tiene que entender que van a pasar. Y deberíamos estar felices por lo que está pasando la cordillera, por lo que está pasando en la minería, que tiene que ver con el litio, que tiene que ver con la plata, que tiene que ver con el cobre. Los chilenos exportan 60 mil millones de dólares, nosotros 5000. ¿No les parece que hay algo mal? Si hiciéramos lo mismo que los chilenos en la Cordillera de los Andes, tendríamos un millón de puestos de trabajo.

“Ah no bueno, pero yo quiero vivir…” ¿Los sueldos más altos de la Argentina donde se pagan? En Neuquén. Les digo, Neuquén es Argentina también. Y así también tenemos todo lo que es el gas, todo lo que podemos hacer los agronegocios, tenemos lo que tiene que ver con la economía del conocimiento, las posibilidades que tenemos de convertirnos en un hub de Inteligencia artificial. Van a cambiar los precios relativos, va a haber reasignación de recursos. La pregunta es si ustedes quieren que nos vaya bien o que nos vaya mal, porque si nosotros empezamos a atacar al sistema de precios y castigar al que le va bien para subsidiar al que le va mal, la economía va a estar peor y vamos a estar todos peor.

La pregunta es, o si quieren, la respuesta a esto es lo que nosotros llamamos la moral como política de estado. Vamos a entrar ahora en el terreno cínico. Supongamos ahora que soy un hijo de remil puta, igual que toda la casta política. Ex ante lo podrían creer y está bien, después de tanta mala experiencia con los políticos, me parece razonable una hipótesis de inicio. ¿Qué tendría que hacer un tipo que está mirando los votos? Abro, genero competencia, ¿por qué? Porque ganan 48 millones, pierden Don Chatarrín, Gomita Lumínica, pierden esos, Gomita Lumínica cobraba cuatro veces más caro los neumáticos. Don Chatarrín de los tubitos caros cobraba el triple de los

tubitos. Mientras que se puteaban con la condenada, después pagaban tres veces más caro. Una cosa interesante. Ahora miro cuánto ganan, cuánto pierden, hago utilitarismo político es: no, yo tengo que promover el crecimiento, tengo que promover la apertura, tengo que promover la destrucción creativa, tengo que hacer eso porque en términos de cálculo electoral me conviene. Pero se imaginarán que no puedo traicionar mi corazón de economista, es parte de mi vieja vida que la llevo conmigo y no pienso sacármela de encima, voy a seguir siendo economista.

La pregunta es ¿es eficiente eso? No, no es eficiente. Porque si yo para sostener a este precio más alto tengo que castigar al que le va bien, estoy afectando los precios relativos. Entonces los recursos que tienen que ir hacia el sector ganador no fluyen. Y el sector que le tiene que ir mal, le va a seguir yendo mal, pero se va a tener que pagar además con impuestos. ¿Para qué? Para subsidiarlo. O generar una muralla, Troya, Era un quilombo entrar a Troya porque era imposible de entrar. Pero Troya también cayó.

Entonces, en ese en ese concepto hay una pérdida de eficiencia enorme. Porque además alguien lo tiene que financiar. Es decir, cuando dicen “no, bueno, pobre sector”. La pregunta es ¿cómo carajo lo vas a resolver? “No, bueno a bajar impuestos”. Nosotros bajamos los impuestos, ¿se te ocurrió pedirle a un gobernador que baje los impuestos o que baje Ingresos Brutos, pedirles a los intendentes que bajen los municipios? Nosotros bajamos. También hay que saber a quién le tienen que pedir cada cosa. Miren en Tres de Febrero cómo Valenzuela bajó un montón de tasas y tienen un montón de inversiones, el modelo funciona. Las provincias que tienen RIGI, funcionan. Pueden elegir ser la Unión Soviética, después no se quejen. Es un problema de qué elegimos y reclamarle al que le corresponde.

Ahora, yo les voy a decir algo, aun así dado el utilitarismo político y dada la eficiencia económica, hay algo que es más importante y es lo que, en nuestro caso, es lo que nos guía. Es si esa política es justa. La pregunta es: ok, tengo que salvar al sector X y para eso entonces voy a reventarle la cabeza a impuestos al sector Y. Entonces salvo el sector X porque me parece que hay que salvarlo. No solo que pierde eficiencia económica, no solo que en términos de bienestar de la gente estamos peor, con lo cual tarde o temprano va a costar

los votos. La pregunta es ¿está bien hacer eso? ¿Cuántos están a favor del robo? ¿Cuántos están a favor del trato desigual frente a la ley? Esa es la clave. Si una política que ustedes implementan es injusta, van a tener problemas en la sociedad, porque se dan cuenta que son injustas, van a pegar negativamente en la eficiencia y además van a ir para atrás en términos de utilitarismo político. Cuando ustedes la ética y moral está alineado con la eficiencia, y está alineado con el utilitarismo político, la sociedad va a progresar. Cuando ustedes se preocupen por recolectar votos, eso va a terminar para el culo. La justicia social termina mal. Sí, la justicia social es mágica en términos de voto. Porque yo tengo cinco tipos, uno tiene 500, los otros tienen cero, le saco 400 al que tiene 500, queda todos y los reparto igualitariamente y no hay filtraciones, entonces todos quedan con 100. ¿Saben qué? Voy a una elección gano, gano con el 80%. Ahora alguien que va a invertir no invierte. ¿Por qué? Porque dice “no, porque si yo gano plata entonces me van a castigar y me van a sacar lo que gané”. Y el que va a laburar dice “no, yo no laburo porque básicamente me van a robar el fruto de mi trabajo, y se lo van a dar al que no labura”. Entonces nadie labura, nadie invierte, nadie hace nada, la economía se derrumba. Pero esa política se cae por sobre todas las cosas porque es injusta. Y es por eso que nosotros hacemos tanto foco en la moral como política de estado.

La transición, ustedes están teniendo cambio tecnológico, están teniendo liberación de rendimientos crecientes, tienen cambio de precio relativo, va a haber reasignación de recursos. Va a haber sectores que les va a ir mejor y hay sectores que les va a ir peor. Los que se les va peor si no se adaptan, quiebran. Gomita lumínica dijo “no, si no cazo en el zoológico, me voy”. Lumilagro dijo “No, yo voy y la peleo” y le está yendo bárbaro. Va a depender mucho de los empresarios. Qué es la realidad, siempre depende de los empresarios. Ustedes miran el crecimiento, sí, capital, trabajo, progreso tecnológico, pero sin empresario no hay nada. El héroe de esta película es el empresario. Y nosotros, como hacedores de política, tenemos que hacer políticas que sean justas. Me tienen las pelotas por el piso, fui a una reunión y dicen “¿en qué sectores tenemos que invertir?”. Le dije “¿pero sos boludo o te hacés?” Vos sos el empresario, vos sos el que dice dónde tiene que invertir. Nosotros lo que tenemos que hacer es nivelar la cancha, tenemos que sacarle todos los parásitos del medio, todo el estorbo fiscal, el estorbo regulatorio, el estorbo monetario, el estorbo cambiario, y nivelar la cancha. Don’t pick the winner. No elegimos ganadores nosotros. Van a tener que sacar su espíritu empresarial y esto lo van a dar vuelta los empresarios, los que crean valor, no los parásitos que destruyen valor. Por eso nosotros sacamos al Estado del medio y le devolvemos libertad a la gente.

No esperen que nosotros les digamos “hay que hacer esto, no hay que hacer”. Todo lo que no está prohibido, está permitido. No soy como los otros políticos que está todo prohibido, salvo lo que yo te permito, no. Está todo permitido, mientras que no esté prohibido. Y está claro lo que no se puede: no se puede violar la vida, la libertad y la propiedad, y obviamente todo basado en el principio de no agresión. Eso lleva a la eficiencia económica, eso lleva a la prosperidad. Entonces fíjense qué preguntas están haciendo, porque puede ser que la pregunta sea tonta, no tenga sentido. Entonces qué hacemos ¿protegemos? Ya tuvimos industria Infante durante 70, 80 años ¿y cómo nos fue? Tenemos un Infante de 80 años. no avanzamos nada.

Todas esas políticas fracasaron todas, ninguna funcionó. Por lo tanto, entendamos que estamos en una situación de mucho progreso tecnológico, en cambio de precios relativos, en gran desregulación, en que se corre el Estado del medio. Los precios relativos van a cambiar y los recursos se van a reasignar. Lo que necesitamos es que haya la mayor flexibilidad posible, para que las reasignaciones de recursos sean lo más rápido posible. Si aceptamos este desafío, que es el desafío del cambio, volveremos a ser grandes nuevamente. Si no tenemos los cojones para enfrentar el cambio, nos vamos a convertir en la mierda que nos llevaba el kirchnerismo.

Que Dios los bendiga a todos, que las fuerzas del cielo nos acompañen y viva la libertad, carajo. Muchas gracias.",casarosada,auto
